{ "compressionlevel":-1,
 "height":34,
 "infinite":false,
 "layers":[
        {
         "data":[0, 0, 0, 0, 0, 0, 0, 0, 0, 0, 0, 0, 0, 0, 0, 0, 0, 0, 0, 0, 0, 0, 0, 0, 0, 0, 0, 0, 0, 0, 0, 0, 0, 0, 0, 0, 0, 0, 0, 0, 0, 0, 0, 0, 0, 0, 0, 0, 0, 0, 0, 0, 0, 0, 0, 0,
            0, 0, 0, 0, 0, 0, 0, 0, 0, 0, 0, 0, 0, 0, 0, 0, 0, 0, 0, 0, 0, 0, 0, 0, 0, 0, 0, 0, 0, 0, 0, 0, 0, 0, 0, 0, 0, 0, 0, 0, 0, 0, 0, 0, 0, 0, 0, 0, 0, 0, 0, 0, 0, 0, 0, 0,
            0, 0, 0, 0, 0, 0, 0, 0, 0, 0, 0, 0, 0, 0, 0, 0, 0, 0, 0, 0, 0, 0, 0, 0, 0, 0, 0, 0, 0, 0, 0, 0, 0, 0, 0, 0, 0, 0, 0, 0, 0, 0, 0, 0, 0, 0, 0, 0, 0, 0, 3, 3, 3, 3, 3, 3,
            0, 0, 0, 0, 0, 0, 0, 0, 0, 0, 0, 0, 0, 0, 0, 0, 0, 0, 0, 0, 0, 0, 0, 0, 0, 0, 0, 0, 0, 0, 0, 0, 0, 0, 0, 0, 0, 0, 0, 0, 0, 0, 0, 0, 0, 0, 0, 0, 3, 3, 3, 3, 3, 3, 3, 3,
            0, 0, 0, 0, 0, 0, 0, 0, 0, 0, 0, 0, 0, 0, 0, 0, 0, 0, 0, 0, 0, 0, 0, 0, 0, 0, 0, 0, 0, 0, 0, 0, 0, 0, 0, 0, 0, 0, 0, 0, 0, 0, 0, 0, 0, 0, 0, 3, 3, 3, 3, 3, 3, 3, 3, 3,
            0, 0, 0, 0, 0, 0, 0, 0, 0, 0, 0, 0, 0, 0, 0, 0, 0, 0, 0, 0, 0, 0, 0, 0, 0, 0, 0, 0, 0, 0, 0, 0, 0, 0, 0, 0, 0, 0, 0, 0, 0, 0, 0, 0, 0, 0, 0, 0, 0, 0, 0, 0, 0, 0, 0, 0,
            0, 0, 0, 0, 0, 0, 0, 0, 0, 0, 0, 0, 0, 0, 0, 0, 0, 0, 0, 0, 0, 0, 0, 0, 0, 0, 0, 0, 0, 0, 0, 0, 0, 0, 0, 0, 0, 0, 0, 0, 0, 0, 0, 0, 0, 0, 0, 0, 0, 0, 0, 0, 0, 0, 0, 0,
            0, 0, 0, 0, 0, 0, 0, 0, 0, 0, 0, 0, 0, 0, 0, 0, 0, 0, 0, 0, 0, 0, 0, 0, 0, 0, 0, 0, 0, 0, 0, 0, 0, 0, 0, 0, 0, 0, 0, 0, 0, 0, 0, 0, 0, 0, 0, 0, 0, 0, 0, 0, 0, 0, 0, 0,
            0, 0, 0, 0, 0, 0, 0, 0, 0, 0, 0, 0, 0, 0, 0, 0, 0, 0, 0, 0, 0, 0, 0, 0, 0, 0, 0, 0, 0, 0, 0, 0, 0, 0, 0, 0, 0, 0, 0, 0, 0, 0, 0, 0, 0, 0, 0, 0, 0, 0, 0, 0, 0, 0, 0, 0,
            0, 0, 0, 0, 0, 0, 0, 0, 0, 0, 0, 0, 0, 0, 0, 0, 0, 0, 0, 0, 0, 0, 0, 0, 0, 0, 0, 0, 0, 0, 0, 0, 0, 0, 0, 0, 0, 0, 0, 0, 0, 0, 0, 0, 0, 0, 0, 0, 0, 0, 0, 0, 0, 0, 0, 0,
            0, 0, 0, 0, 0, 0, 0, 0, 0, 0, 0, 0, 0, 0, 0, 0, 0, 0, 0, 0, 0, 0, 0, 0, 0, 0, 0, 0, 0, 0, 0, 0, 0, 0, 0, 0, 0, 0, 3, 0, 0, 0, 0, 0, 3, 3, 0, 0, 3, 0, 0, 0, 0, 0, 0, 0,
            0, 0, 0, 0, 0, 0, 0, 0, 0, 0, 0, 0, 0, 0, 0, 0, 0, 0, 0, 0, 0, 0, 0, 0, 0, 0, 0, 0, 0, 0, 0, 0, 0, 0, 0, 0, 0, 0, 3, 0, 0, 0, 0, 0, 0, 3, 0, 0, 3, 0, 0, 0, 0, 0, 0, 0,
            0, 0, 0, 0, 0, 0, 0, 0, 0, 0, 0, 0, 0, 0, 0, 0, 0, 0, 0, 0, 0, 0, 0, 0, 0, 0, 0, 0, 0, 0, 0, 0, 0, 0, 0, 0, 0, 0, 3, 0, 0, 0, 0, 0, 0, 3, 0, 0, 3, 0, 0, 0, 0, 0, 0, 0,
            0, 0, 0, 0, 0, 0, 0, 0, 0, 0, 0, 0, 0, 0, 0, 0, 0, 0, 0, 0, 0, 0, 0, 0, 0, 0, 0, 0, 0, 0, 0, 0, 0, 0, 0, 0, 0, 0, 3, 0, 0, 0, 0, 0, 0, 3, 0, 0, 3, 0, 0, 0, 0, 0, 0, 0,
            0, 0, 0, 0, 0, 0, 0, 0, 0, 0, 0, 0, 0, 0, 0, 0, 0, 0, 0, 0, 0, 0, 0, 0, 3, 3, 0, 0, 0, 0, 0, 0, 0, 0, 0, 0, 0, 0, 3, 0, 0, 0, 0, 0, 0, 0, 0, 0, 3, 0, 0, 0, 0, 0, 0, 0,
            0, 0, 0, 0, 0, 0, 0, 0, 0, 0, 0, 0, 0, 0, 0, 0, 0, 0, 0, 0, 0, 0, 0, 0, 3, 3, 0, 0, 0, 0, 0, 0, 0, 0, 0, 0, 0, 0, 3, 0, 0, 0, 0, 0, 0, 0, 0, 0, 0, 0, 0, 0, 0, 0, 0, 0,
            0, 0, 0, 0, 0, 0, 0, 0, 0, 0, 0, 0, 0, 0, 0, 0, 0, 0, 0, 0, 0, 0, 0, 0, 3, 0, 0, 0, 0, 0, 0, 0, 0, 0, 0, 0, 0, 0, 3, 0, 0, 0, 0, 0, 0, 0, 0, 0, 0, 0, 0, 0, 0, 0, 0, 0,
            0, 0, 0, 0, 0, 0, 0, 0, 3, 3, 0, 0, 3, 3, 3, 3, 3, 3, 3, 3, 3, 0, 3, 3, 3, 0, 0, 0, 0, 0, 0, 0, 0, 0, 0, 0, 0, 0, 3, 0, 0, 0, 0, 0, 0, 0, 0, 0, 0, 0, 0, 0, 0, 0, 0, 0,
            0, 0, 0, 0, 0, 0, 0, 3, 3, 3, 3, 3, 3, 3, 3, 3, 3, 3, 0, 0, 0, 0, 3, 3, 3, 0, 0, 0, 0, 0, 0, 0, 0, 0, 0, 0, 0, 0, 3, 0, 0, 0, 0, 0, 0, 0, 0, 0, 0, 0, 0, 0, 0, 0, 0, 0,
            0, 0, 0, 0, 0, 0, 3, 3, 3, 3, 3, 3, 3, 3, 3, 3, 3, 3, 0, 0, 0, 0, 0, 0, 0, 0, 0, 0, 0, 0, 0, 0, 0, 0, 0, 0, 0, 0, 3, 0, 0, 0, 0, 0, 0, 0, 0, 0, 0, 0, 0, 0, 0, 0, 0, 0,
            0, 0, 0, 0, 0, 0, 0, 0, 0, 0, 0, 0, 0, 0, 0, 0, 3, 3, 3, 3, 3, 3, 3, 3, 3, 3, 3, 3, 3, 3, 0, 0, 0, 0, 0, 0, 0, 0, 3, 3, 3, 0, 3, 0, 3, 0, 3, 0, 0, 0, 3, 0, 0, 0, 0, 0,
            0, 0, 0, 0, 0, 0, 0, 0, 0, 0, 0, 0, 0, 0, 0, 0, 0, 0, 0, 0, 0, 0, 0, 0, 0, 0, 0, 0, 3, 0, 0, 0, 0, 0, 0, 0, 0, 0, 0, 0, 3, 3, 3, 3, 3, 3, 3, 0, 0, 3, 3, 3, 0, 0, 0, 0,
            0, 0, 0, 0, 0, 0, 0, 0, 0, 0, 0, 0, 0, 0, 0, 0, 0, 0, 0, 0, 0, 0, 0, 0, 0, 0, 0, 0, 3, 0, 0, 0, 0, 0, 0, 0, 0, 0, 0, 0, 3, 0, 0, 0, 0, 0, 0, 0, 0, 0, 0, 3, 0, 0, 0, 0,
            0, 0, 0, 0, 0, 0, 0, 0, 0, 0, 0, 0, 0, 0, 0, 0, 0, 0, 0, 0, 0, 0, 3, 0, 0, 0, 0, 0, 3, 0, 0, 0, 0, 0, 0, 0, 0, 0, 0, 0, 3, 0, 0, 0, 0, 0, 0, 0, 0, 0, 0, 3, 0, 0, 0, 0,
            0, 0, 0, 0, 0, 0, 0, 0, 0, 0, 0, 0, 0, 0, 0, 0, 3, 3, 3, 3, 0, 0, 0, 0, 0, 0, 0, 0, 3, 0, 0, 0, 0, 0, 0, 0, 0, 0, 0, 0, 3, 0, 0, 0, 0, 0, 0, 0, 0, 0, 0, 3, 0, 0, 0, 0,
            0, 0, 0, 0, 0, 0, 0, 0, 0, 0, 0, 0, 0, 0, 0, 0, 3, 3, 3, 3, 0, 0, 0, 0, 0, 0, 0, 0, 3, 0, 0, 0, 0, 0, 0, 0, 0, 0, 0, 0, 3, 0, 0, 3, 3, 3, 3, 3, 3, 0, 0, 3, 0, 0, 0, 0,
            3, 3, 3, 3, 3, 0, 0, 0, 0, 0, 0, 0, 0, 0, 0, 0, 0, 0, 0, 0, 0, 0, 0, 0, 0, 0, 0, 0, 3, 0, 0, 0, 0, 0, 0, 0, 0, 0, 0, 0, 3, 0, 0, 3, 0, 0, 0, 0, 0, 0, 0, 3, 0, 0, 0, 0,
            3, 3, 3, 3, 3, 3, 0, 0, 0, 0, 0, 0, 0, 0, 0, 0, 0, 0, 0, 0, 0, 0, 0, 0, 0, 0, 0, 0, 3, 0, 0, 0, 0, 0, 0, 0, 0, 0, 0, 0, 3, 0, 0, 3, 0, 0, 0, 0, 0, 0, 0, 3, 0, 0, 0, 0,
            3, 3, 3, 3, 3, 3, 3, 3, 0, 0, 0, 0, 0, 0, 0, 0, 0, 0, 0, 0, 0, 0, 0, 0, 0, 0, 0, 0, 3, 0, 0, 0, 0, 0, 0, 0, 0, 0, 0, 0, 3, 0, 0, 3, 3, 3, 3, 3, 3, 3, 3, 3, 0, 0, 0, 0,
            3, 3, 3, 3, 3, 3, 3, 3, 0, 0, 0, 0, 0, 0, 0, 0, 0, 0, 0, 0, 0, 0, 0, 0, 0, 0, 0, 0, 3, 0, 0, 0, 0, 0, 0, 0, 0, 0, 0, 0, 3, 0, 0, 0, 0, 0, 0, 0, 0, 0, 0, 3, 0, 0, 0, 0,
            3, 3, 3, 3, 3, 3, 3, 3, 0, 0, 0, 0, 0, 0, 0, 0, 0, 0, 0, 0, 0, 0, 0, 3, 3, 3, 0, 0, 3, 0, 0, 0, 0, 0, 0, 0, 0, 0, 0, 0, 3, 0, 0, 0, 0, 0, 0, 0, 0, 0, 0, 3, 0, 0, 0, 0,
            3, 3, 3, 3, 3, 3, 3, 3, 3, 3, 0, 0, 0, 0, 0, 0, 0, 0, 3, 3, 3, 0, 0, 0, 0, 0, 0, 0, 3, 0, 0, 0, 0, 0, 0, 0, 0, 0, 0, 0, 3, 3, 3, 3, 3, 3, 3, 3, 0, 0, 0, 3, 0, 0, 0, 0,
            3, 3, 3, 3, 3, 3, 3, 3, 3, 3, 3, 0, 0, 0, 0, 0, 0, 0, 0, 0, 0, 0, 0, 0, 0, 0, 0, 0, 3, 0, 0, 0, 0, 0, 0, 0, 0, 0, 0, 0, 0, 0, 0, 0, 0, 0, 0, 0, 0, 0, 0, 3, 0, 0, 0, 0,
            3, 3, 3, 3, 3, 3, 3, 3, 3, 3, 3, 3, 3, 0, 0, 0, 0, 0, 0, 0, 0, 0, 0, 0, 0, 0, 0, 0, 3, 0, 0, 0, 0, 0, 0, 0, 0, 0, 0, 3, 3, 3, 3, 3, 3, 3, 3, 3, 3, 3, 3, 3, 0, 0, 0, 0],
         "height":34,
         "id":1,
         "name":"sols",
         "opacity":1,
         "type":"tilelayer",
         "visible":true,
         "width":56,
         "x":0,
         "y":0
        }, 
        {
         "draworder":"topdown",
         "id":5,
         "name":"fleurs",
         "objects":[
                {
                 "class":"",
                 "gid":6,
                 "height":32,
                 "id":12,
                 "name":"",
                 "rotation":0,
                 "visible":true,
                 "width":32,
                 "x":640,
                 "y":640
                }, 
                {
                 "class":"",
                 "gid":6,
                 "height":32,
                 "id":13,
                 "name":"",
                 "rotation":0,
                 "visible":true,
                 "width":32,
                 "x":785.333333333333,
                 "y":447.666666666667
                }, 
                {
                 "class":"",
                 "gid":6,
                 "height":32,
                 "id":105,
                 "name":"",
                 "rotation":0,
                 "visible":true,
                 "width":32,
                 "x":160,
                 "y":704
                }],
         "opacity":1,
         "type":"objectgroup",
         "visible":true,
         "x":0,
         "y":0
        }, 
        {
         "draworder":"topdown",
         "id":7,
         "name":"escalade",
         "objects":[
                {
                 "class":"",
                 "gid":7,
                 "height":32,
                 "id":22,
                 "name":"",
                 "rotation":0,
                 "visible":true,
                 "width":32,
                 "x":1504,
                 "y":704
                }],
         "opacity":1,
         "type":"objectgroup",
         "visible":true,
         "x":0,
         "y":0
        }, 
        {
         "draworder":"topdown",
         "id":8,
         "name":"escalade_moyen",
         "objects":[
                {
                 "class":"",
                 "gid":33,
                 "height":32,
                 "id":25,
                 "name":"",
                 "rotation":0,
                 "visible":true,
                 "width":32,
                 "x":736,
                 "y":768
                }, 
                {
                 "class":"",
                 "gid":33,
                 "height":32,
                 "id":26,
                 "name":"",
                 "rotation":0,
                 "visible":true,
                 "width":32,
                 "x":736,
                 "y":864
                }],
         "opacity":1,
         "type":"objectgroup",
         "visible":true,
         "x":0,
         "y":0
        }, 
        {
         "draworder":"topdown",
         "id":9,
         "name":"escalade_grand",
         "objects":[
                {
                 "class":"",
                 "gid":81,
                 "height":32,
                 "id":27,
                 "name":"",
                 "rotation":0,
                 "visible":true,
                 "width":32,
                 "x":992,
                 "y":864
                }],
         "opacity":1,
         "type":"objectgroup",
         "visible":true,
         "x":0,
         "y":0
        }, 
        {
         "draworder":"topdown",
         "id":2,
         "name":"ronces",
         "objects":[
                {
                 "class":"",
                 "gid":39,
                 "height":32,
                 "id":1,
                 "name":"",
                 "rotation":0,
                 "visible":true,
                 "width":32,
                 "x":750.333333333333,
                 "y":893.166666666667
                }, 
                {
                 "class":"",
                 "gid":39,
                 "height":32,
                 "id":2,
                 "name":"",
                 "rotation":0,
                 "visible":true,
                 "width":32,
                 "x":797.5,
                 "y":830
                }, 
                {
                 "class":"",
                 "gid":39,
                 "height":32,
                 "id":3,
                 "name":"",
                 "rotation":0,
                 "visible":true,
                 "width":32,
                 "x":740.5,
                 "y":765
                }],
         "opacity":1,
         "type":"objectgroup",
         "visible":true,
         "x":0,
         "y":0
        }, 
        {
         "draworder":"topdown",
         "id":12,
         "name":"plateformes",
         "objects":[
                {
                 "class":"",
                 "gid":1,
                 "height":32,
                 "id":33,
                 "name":"",
                 "rotation":0,
                 "visible":true,
                 "width":32,
                 "x":32,
                 "y":736
                }, 
                {
                 "class":"",
                 "gid":1,
                 "height":32,
                 "id":34,
                 "name":"",
                 "rotation":0,
                 "visible":true,
                 "width":32,
                 "x":96,
                 "y":672
                }, 
                {
                 "class":"",
                 "gid":1,
                 "height":32,
                 "id":35,
                 "name":"",
                 "rotation":0,
                 "visible":true,
                 "width":32,
                 "x":1280,
                 "y":608
                }, 
                {
                 "class":"",
                 "gid":1,
                 "height":32,
                 "id":36,
                 "name":"",
                 "rotation":0,
                 "visible":true,
                 "width":32,
                 "x":1376,
                 "y":576
                }, 
                {
                 "class":"",
                 "gid":1,
                 "height":32,
                 "id":37,
                 "name":"",
                 "rotation":0,
                 "visible":true,
                 "width":32,
                 "x":1472,
                 "y":544
                }],
         "opacity":1,
         "type":"objectgroup",
         "visible":true,
         "x":0,
         "y":0
        }, 
        {
         "draworder":"topdown",
         "id":10,
         "name":"cubes",
         "objects":[
                {
                 "class":"",
                 "gid":40,
                 "height":32,
                 "id":28,
                 "name":"",
                 "rotation":0,
                 "visible":true,
                 "width":32,
                 "x":1312,
                 "y":864
                }, 
                {
                 "class":"",
                 "gid":40,
                 "height":32,
                 "id":29,
                 "name":"",
                 "rotation":0,
                 "visible":true,
                 "width":32,
                 "x":1312,
                 "y":928
                }, 
                {
                 "class":"",
                 "gid":40,
                 "height":32,
                 "id":30,
                 "name":"",
                 "rotation":0,
                 "visible":true,
                 "width":32,
                 "x":1520,
                 "y":481.333333333333
                }, 
                {
                 "class":"",
                 "gid":40,
                 "height":32,
                 "id":31,
                 "name":"",
                 "rotation":0,
                 "visible":true,
                 "width":32,
                 "x":1469.33333333333,
                 "y":432
                }, 
                {
                 "class":"",
                 "gid":40,
                 "height":32,
                 "id":32,
                 "name":"",
                 "rotation":0,
                 "visible":true,
                 "width":32,
                 "x":1518.66666666667,
                 "y":368
                }],
         "opacity":1,
         "type":"objectgroup",
         "visible":true,
         "x":0,
         "y":0
        }, 
        {
         "draworder":"topdown",
         "id":19,
         "name":"algues",
         "objects":[
                {
                 "class":"",
                 "gid":17,
                 "height":32,
                 "id":93,
                 "name":"",
                 "rotation":0,
                 "visible":true,
                 "width":32,
                 "x":448,
                 "y":1056
                }],
         "opacity":1,
         "type":"objectgroup",
         "visible":true,
         "x":0,
         "y":0
        }, 
        {
         "draworder":"topdown",
         "id":13,
         "name":"cubes_algues",
         "objects":[
                {
                 "class":"",
                 "gid":38,
                 "height":32,
                 "id":42,
                 "name":"",
                 "rotation":0,
                 "visible":true,
                 "width":32,
                 "x":960,
                 "y":1056
                }, 
                {
                 "class":"",
                 "gid":38,
                 "height":32,
                 "id":43,
                 "name":"",
                 "rotation":0,
                 "visible":true,
                 "width":32,
                 "x":1024,
                 "y":1056
                }, 
                {
                 "class":"",
                 "gid":38,
                 "height":32,
                 "id":44,
                 "name":"",
                 "rotation":0,
                 "visible":true,
                 "width":32,
                 "x":1088,
                 "y":1056
                }, 
                {
                 "class":"",
                 "gid":38,
                 "height":32,
                 "id":45,
                 "name":"",
                 "rotation":0,
                 "visible":true,
                 "width":32,
                 "x":1152,
                 "y":1056
                }, 
                {
                 "class":"",
                 "gid":38,
                 "height":32,
                 "id":46,
                 "name":"",
                 "rotation":0,
                 "visible":true,
                 "width":32,
                 "x":1120,
                 "y":832
                }, 
                {
                 "class":"",
                 "gid":38,
                 "height":32,
                 "id":47,
                 "name":"",
                 "rotation":0,
                 "visible":true,
                 "width":32,
                 "x":1184,
                 "y":768
                }, 
                {
                 "class":"",
                 "gid":38,
                 "height":32,
                 "id":48,
                 "name":"",
                 "rotation":0,
                 "visible":true,
                 "width":32,
                 "x":1120,
                 "y":704
                }, 
                {
                 "class":"",
                 "gid":38,
                 "height":32,
                 "id":49,
                 "name":"",
                 "rotation":0,
                 "visible":true,
                 "width":32,
                 "x":1024,
                 "y":672
                }, 
                {
                 "class":"",
                 "gid":38,
                 "height":32,
                 "id":50,
                 "name":"",
                 "rotation":0,
                 "visible":true,
                 "width":32,
                 "x":1344,
                 "y":320
                }, 
                {
                 "class":"",
                 "gid":38,
                 "height":32,
                 "id":51,
                 "name":"",
                 "rotation":0,
                 "visible":true,
                 "width":32,
                 "x":1248,
                 "y":288
                }, 
                {
                 "class":"",
                 "gid":38,
                 "height":32,
                 "id":52,
                 "name":"",
                 "rotation":0,
                 "visible":true,
                 "width":32,
                 "x":1152,
                 "y":256
                }, 
                {
                 "class":"",
                 "gid":38,
                 "height":32,
                 "id":53,
                 "name":"",
                 "rotation":0,
                 "visible":true,
                 "width":32,
                 "x":1248,
                 "y":192
                }, 
                {
                 "class":"",
                 "gid":38,
                 "height":32,
                 "id":54,
                 "name":"",
                 "rotation":0,
                 "visible":true,
                 "width":32,
                 "x":1344,
                 "y":160
                }, 
                {
                 "class":"",
                 "gid":38,
                 "height":32,
                 "id":55,
                 "name":"",
                 "rotation":0,
                 "visible":true,
                 "width":32,
                 "x":1440,
                 "y":160
                }, 
                {
                 "class":"",
                 "gid":38,
                 "height":32,
                 "id":90,
                 "name":"",
                 "rotation":0,
                 "visible":true,
                 "width":32,
                 "x":416,
                 "y":800
                }, 
                {
                 "class":"",
                 "gid":38,
                 "height":32,
                 "id":91,
                 "name":"",
                 "rotation":0,
                 "visible":true,
                 "width":32,
                 "x":320,
                 "y":768
                }, 
                {
                 "class":"",
                 "gid":38,
                 "height":32,
                 "id":92,
                 "name":"",
                 "rotation":0,
                 "visible":true,
                 "width":32,
                 "x":224,
                 "y":736
                }],
         "opacity":1,
         "type":"objectgroup",
         "visible":true,
         "x":0,
         "y":0
        }, 
        {
         "draworder":"topdown",
         "id":4,
         "name":"sable",
         "objects":[
                {
                 "class":"",
                 "gid":5,
                 "height":32,
                 "id":7,
                 "name":"",
                 "rotation":0,
                 "visible":true,
                 "width":32,
                 "x":674.666666666667,
                 "y":544
                }, 
                {
                 "class":"",
                 "gid":5,
                 "height":32,
                 "id":102,
                 "name":"",
                 "rotation":0,
                 "visible":true,
                 "width":32,
                 "x":1361,
                 "y":992
                }, 
                {
                 "class":"",
                 "gid":5,
                 "height":32,
                 "id":106,
                 "name":"",
                 "rotation":0,
                 "visible":true,
                 "width":32,
                 "x":1361,
                 "y":992
                }, 
                {
                 "class":"",
                 "gid":5,
                 "height":32,
                 "id":107,
                 "name":"",
                 "rotation":0,
                 "visible":true,
                 "width":32,
                 "x":1586,
                 "y":897
                }],
         "opacity":1,
         "type":"objectgroup",
         "visible":true,
         "x":0,
         "y":0
        }, 
        {
         "draworder":"topdown",
         "id":14,
         "name":"pics",
         "objects":[
                {
                 "class":"",
                 "gid":4,
                 "height":32,
                 "id":56,
                 "name":"",
                 "rotation":0,
                 "visible":true,
                 "width":32,
                 "x":1440,
                 "y":800
                }, 
                {
                 "class":"",
                 "gid":4,
                 "height":32,
                 "id":57,
                 "name":"",
                 "rotation":0,
                 "visible":true,
                 "width":32,
                 "x":1504,
                 "y":800
                }, 
                {
                 "class":"",
                 "gid":4,
                 "height":32,
                 "id":58,
                 "name":"",
                 "rotation":0,
                 "visible":true,
                 "width":32,
                 "x":416,
                 "y":544
                }, 
                {
                 "class":"",
                 "gid":4,
                 "height":32,
                 "id":59,
                 "name":"",
                 "rotation":0,
                 "visible":true,
                 "width":32,
                 "x":480,
                 "y":544
                }, 
                {
                 "class":"",
                 "gid":4,
                 "height":32,
                 "id":62,
                 "name":"",
                 "rotation":0,
                 "visible":true,
                 "width":32,
                 "x":608,
                 "y":992
                }],
         "opacity":1,
         "type":"objectgroup",
         "visible":true,
         "x":0,
         "y":0
        }, 
        {
         "draworder":"topdown",
         "id":21,
         "name":"picsplafond",
         "objects":[
                {
                 "class":"",
                 "gid":4,
                 "height":32,
                 "id":114,
                 "name":"",
                 "rotation":180,
                 "visible":true,
                 "width":32,
                 "x":736,
                 "y":608
                }, 
                {
                 "class":"",
                 "gid":4,
                 "height":32,
                 "id":115,
                 "name":"",
                 "rotation":180,
                 "visible":true,
                 "width":32,
                 "x":768,
                 "y":608
                }, 
                {
                 "class":"",
                 "gid":4,
                 "height":32,
                 "id":117,
                 "name":"",
                 "rotation":180,
                 "visible":true,
                 "width":32,
                 "x":800,
                 "y":608
                }, 
                {
                 "class":"",
                 "gid":4,
                 "height":32,
                 "id":118,
                 "name":"",
                 "rotation":180,
                 "visible":true,
                 "width":32,
                 "x":1344,
                 "y":1024
                }, 
                {
                 "class":"",
                 "gid":4,
                 "height":32,
                 "id":122,
                 "name":"",
                 "rotation":180,
                 "visible":true,
                 "width":32,
                 "x":1472,
                 "y":1024
                }, 
                {
                 "class":"",
                 "gid":4,
                 "height":32,
                 "id":128,
                 "name":"",
                 "rotation":180,
                 "visible":true,
                 "width":32,
                 "x":1376,
                 "y":1024
                }, 
                {
                 "class":"",
                 "gid":4,
                 "height":32,
                 "id":129,
                 "name":"",
                 "rotation":180,
                 "visible":true,
                 "width":32,
                 "x":1408,
                 "y":1024
                }, 
                {
                 "class":"",
                 "gid":4,
                 "height":32,
                 "id":130,
                 "name":"",
                 "rotation":180,
                 "visible":true,
                 "width":32,
                 "x":1440,
                 "y":1024
                }, 
                {
                 "class":"",
                 "gid":4,
                 "height":32,
                 "id":131,
                 "name":"",
                 "rotation":180,
                 "visible":true,
                 "width":32,
                 "x":1504,
                 "y":1024
                }],
         "opacity":1,
         "type":"objectgroup",
         "visible":true,
         "x":0,
         "y":0
        }, 
        {
         "draworder":"topdown",
         "id":15,
         "name":"eau",
         "objects":[
                {
                 "class":"",
                 "gid":36,
                 "height":32,
                 "id":63,
                 "name":"",
                 "rotation":0,
                 "visible":true,
                 "width":32,
                 "x":928,
                 "y":1088
                }, 
                {
                 "class":"",
                 "gid":36,
                 "height":32,
                 "id":64,
                 "name":"",
                 "rotation":0,
                 "visible":true,
                 "width":32,
                 "x":992,
                 "y":1088
                }, 
                {
                 "class":"",
                 "gid":36,
                 "height":32,
                 "id":65,
                 "name":"",
                 "rotation":0,
                 "visible":true,
                 "width":32,
                 "x":1056,
                 "y":1088
                }, 
                {
                 "class":"",
                 "gid":36,
                 "height":32,
                 "id":66,
                 "name":"",
                 "rotation":0,
                 "visible":true,
                 "width":32,
                 "x":1120,
                 "y":1088
                }, 
                {
                 "class":"",
                 "gid":36,
                 "height":32,
                 "id":67,
                 "name":"",
                 "rotation":0,
                 "visible":true,
                 "width":32,
                 "x":320,
                 "y":576
                }, 
                {
                 "class":"",
                 "gid":36,
                 "height":32,
                 "id":166,
                 "name":"",
                 "rotation":0,
                 "visible":true,
                 "width":32,
                 "x":1184,
                 "y":1088
                }],
         "opacity":1,
         "type":"objectgroup",
         "visible":true,
         "x":0,
         "y":0
        }, 
        {
         "draworder":"topdown",
         "id":20,
         "name":"checkpoint",
         "objects":[
                {
                 "class":"",
                 "gid":6,
                 "height":32,
                 "id":99,
                 "name":"",
                 "rotation":0,
                 "visible":true,
                 "width":32,
                 "x":704,
                 "y":736
                }, 
                {
                 "class":"",
                 "gid":6,
                 "height":32,
                 "id":100,
                 "name":"",
                 "rotation":0,
                 "visible":true,
                 "width":32,
                 "x":288,
                 "y":544
                }, 
                {
                 "class":"",
                 "gid":6,
                 "height":32,
                 "id":101,
                 "name":"",
                 "rotation":0,
                 "visible":true,
                 "width":32,
                 "x":928,
                 "y":640
                }, 
                {
                 "class":"",
                 "gid":6,
                 "height":32,
                 "id":103,
                 "name":"",
                 "rotation":0,
                 "visible":true,
                 "width":32,
                 "x":1248,
                 "y":1056
                }, 
                {
                 "class":"",
                 "gid":6,
                 "height":32,
                 "id":137,
                 "name":"",
                 "rotation":0,
                 "visible":true,
                 "width":32,
                 "x":1568,
                 "y":672
                }, 
                {
                 "class":"",
                 "gid":6,
                 "height":32,
                 "id":138,
                 "name":"",
                 "rotation":0,
                 "visible":true,
                 "width":32,
                 "x":1344,
                 "y":640
                }, 
                {
                 "class":"",
                 "gid":6,
                 "height":32,
                 "id":139,
                 "name":"",
                 "rotation":0,
                 "visible":true,
                 "width":32,
                 "x":1408,
                 "y":320
                }],
         "opacity":1,
         "type":"objectgroup",
         "visible":true,
         "x":0,
         "y":0
        }, 
        {
         "draworder":"topdown",
         "id":23,
         "name":"vide",
         "objects":[
                {
                 "class":"",
                 "gid":6,
                 "height":32,
                 "id":140,
                 "name":"",
                 "rotation":0,
                 "visible":true,
                 "width":32,
                 "x":416,
                 "y":1088
                }, 
                {
                 "class":"",
                 "gid":6,
                 "height":32,
                 "id":141,
                 "name":"",
                 "rotation":0,
                 "visible":true,
                 "width":32,
                 "x":448,
                 "y":1088
                }, 
                {
                 "class":"",
                 "gid":6,
                 "height":32,
                 "id":142,
                 "name":"",
                 "rotation":0,
                 "visible":true,
                 "width":32,
                 "x":480,
                 "y":1088
                }, 
                {
                 "class":"",
                 "gid":6,
                 "height":32,
                 "id":143,
                 "name":"",
                 "rotation":0,
                 "visible":true,
                 "width":32,
                 "x":512,
                 "y":1088
                }, 
                {
                 "class":"",
                 "gid":6,
                 "height":32,
                 "id":144,
                 "name":"",
                 "rotation":0,
                 "visible":true,
                 "width":32,
                 "x":640,
                 "y":1088
                }, 
                {
                 "class":"",
                 "gid":6,
                 "height":32,
                 "id":145,
                 "name":"",
                 "rotation":0,
                 "visible":true,
                 "width":32,
                 "x":544,
                 "y":1088
                }, 
                {
                 "class":"",
                 "gid":6,
                 "height":32,
                 "id":146,
                 "name":"",
                 "rotation":0,
                 "visible":true,
                 "width":32,
                 "x":576,
                 "y":1088
                }, 
                {
                 "class":"",
                 "gid":6,
                 "height":32,
                 "id":147,
                 "name":"",
                 "rotation":0,
                 "visible":true,
                 "width":32,
                 "x":576,
                 "y":1088
                }, 
                {
                 "class":"",
                 "gid":6,
                 "height":32,
                 "id":148,
                 "name":"",
                 "rotation":0,
                 "visible":true,
                 "width":32,
                 "x":608,
                 "y":1088
                }, 
                {
                 "class":"",
                 "gid":6,
                 "height":32,
                 "id":149,
                 "name":"",
                 "rotation":0,
                 "visible":true,
                 "width":32,
                 "x":672,
                 "y":1088
                }, 
                {
                 "class":"",
                 "gid":6,
                 "height":32,
                 "id":150,
                 "name":"",
                 "rotation":0,
                 "visible":true,
                 "width":32,
                 "x":704,
                 "y":1088
                }, 
                {
                 "class":"",
                 "gid":6,
                 "height":32,
                 "id":151,
                 "name":"",
                 "rotation":0,
                 "visible":true,
                 "width":32,
                 "x":736,
                 "y":1088
                }, 
                {
                 "class":"",
                 "gid":6,
                 "height":32,
                 "id":152,
                 "name":"",
                 "rotation":0,
                 "visible":true,
                 "width":32,
                 "x":768,
                 "y":1088
                }, 
                {
                 "class":"",
                 "gid":6,
                 "height":32,
                 "id":153,
                 "name":"",
                 "rotation":0,
                 "visible":true,
                 "width":32,
                 "x":800,
                 "y":1088
                }, 
                {
                 "class":"",
                 "gid":6,
                 "height":32,
                 "id":154,
                 "name":"",
                 "rotation":0,
                 "visible":true,
                 "width":32,
                 "x":832,
                 "y":1088
                }, 
                {
                 "class":"",
                 "gid":6,
                 "height":32,
                 "id":155,
                 "name":"",
                 "rotation":0,
                 "visible":true,
                 "width":32,
                 "x":864,
                 "y":1088
                }, 
                {
                 "class":"",
                 "gid":6,
                 "height":32,
                 "id":156,
                 "name":"",
                 "rotation":0,
                 "visible":true,
                 "width":32,
                 "x":0,
                 "y":832
                }, 
                {
                 "class":"",
                 "gid":6,
                 "height":32,
                 "id":157,
                 "name":"",
                 "rotation":0,
                 "visible":true,
                 "width":32,
                 "x":32,
                 "y":832
                }, 
                {
                 "class":"",
                 "gid":6,
                 "height":32,
                 "id":158,
                 "name":"",
                 "rotation":0,
                 "visible":true,
                 "width":32,
                 "x":64,
                 "y":832
                }, 
                {
                 "class":"",
                 "gid":6,
                 "height":32,
                 "id":159,
                 "name":"",
                 "rotation":0,
                 "visible":true,
                 "width":32,
                 "x":96,
                 "y":832
                }, 
                {
                 "class":"",
                 "gid":6,
                 "height":32,
                 "id":160,
                 "name":"",
                 "rotation":0,
                 "visible":true,
                 "width":32,
                 "x":128,
                 "y":832
                }, 
                {
                 "class":"",
                 "gid":6,
                 "height":32,
                 "id":161,
                 "name":"",
                 "rotation":0,
                 "visible":true,
                 "width":32,
                 "x":1664,
                 "y":1088
                }, 
                {
                 "class":"",
                 "gid":6,
                 "height":32,
                 "id":162,
                 "name":"",
                 "rotation":0,
                 "visible":true,
                 "width":32,
                 "x":1696,
                 "y":1088
                }, 
                {
                 "class":"",
                 "gid":6,
                 "height":32,
                 "id":163,
                 "name":"",
                 "rotation":0,
                 "visible":true,
                 "width":32,
                 "x":1728,
                 "y":1088
                }, 
                {
                 "class":"",
                 "gid":6,
                 "height":32,
                 "id":164,
                 "name":"",
                 "rotation":0,
                 "visible":true,
                 "width":32,
                 "x":1760,
                 "y":1088
                }],
         "opacity":1,
         "type":"objectgroup",
         "visible":true,
         "x":0,
         "y":0
        }, 
        {
         "draworder":"topdown",
         "id":18,
         "name":"palmier",
         "objects":[
                {
                 "class":"",
                 "gid":134,
                 "height":32,
                 "id":86,
                 "name":"",
                 "rotation":0,
                 "visible":true,
                 "width":32,
                 "x":160,
                 "y":864
                }],
         "opacity":1,
         "type":"objectgroup",
         "visible":true,
         "x":0,
         "y":0
        }, 
        {
         "draworder":"topdown",
         "id":22,
         "name":"cle",
         "objects":[
                {
                 "class":"",
                 "gid":6,
                 "height":32,
                 "id":136,
                 "name":"",
                 "rotation":0,
                 "visible":true,
                 "width":32,
                 "x":1408,
                 "y":896
                }],
         "opacity":1,
         "type":"objectgroup",
         "visible":true,
         "x":0,
         "y":0
        }, 
        {
         "draworder":"topdown",
         "id":17,
         "name":"porte",
         "objects":[
                {
                 "class":"",
                 "gid":6,
                 "height":32,
                 "id":113,
                 "name":"",
                 "rotation":0,
                 "visible":true,
                 "width":32,
                 "x":1760,
                 "y":64
                }],
         "opacity":1,
         "type":"objectgroup",
         "visible":true,
         "x":0,
         "y":0
        }],
 "nextlayerid":24,
 "nextobjectid":167,
 "orientation":"orthogonal",
 "renderorder":"right-down",
 "tiledversion":"1.9.2",
 "tileheight":32,
 "tilesets":[
        {
         "columns":16,
         "firstgid":1,
         "image":"assetsplage.png",
         "imageheight":512,
         "imagewidth":512,
         "margin":0,
         "name":"assetsplage",
         "spacing":0,
         "tilecount":256,
         "tileheight":32,
         "tiles":[
                {
                 "id":2,
                 "properties":[
                        {
                         "name":"estSolide",
                         "type":"bool",
                         "value":true
                        }]
                }],
         "tilewidth":32
        }],
 "tilewidth":32,
 "type":"map",
 "version":"1.9",
 "width":56
}