{ "compressionlevel":-1,
 "height":33,
 "infinite":false,
 "layers":[
        {
         "data":[0, 0, 0, 0, 0, 0, 0, 0, 0, 0, 0, 0, 0, 0, 0, 0, 0, 0, 0, 0, 0, 0, 0, 0, 0, 0, 0, 0, 0, 0, 0, 0, 0, 0, 0, 0, 0, 0, 0, 0,
            0, 0, 0, 0, 0, 0, 0, 0, 0, 0, 0, 0, 0, 0, 0, 0, 0, 0, 0, 0, 0, 0, 0, 0, 0, 0, 0, 0, 0, 0, 0, 0, 0, 0, 0, 0, 0, 0, 0, 0,
            0, 0, 0, 0, 0, 0, 0, 0, 0, 0, 0, 0, 0, 0, 0, 0, 0, 0, 0, 0, 0, 0, 0, 0, 0, 0, 0, 0, 0, 0, 0, 0, 0, 0, 0, 0, 0, 0, 0, 0,
            14, 14, 14, 14, 0, 0, 0, 0, 0, 0, 0, 0, 0, 0, 0, 0, 0, 0, 0, 0, 0, 0, 0, 14, 0, 0, 14, 14, 14, 14, 14, 0, 0, 0, 0, 0, 0, 0, 0, 0,
            14, 14, 14, 14, 0, 0, 0, 0, 0, 0, 0, 0, 0, 0, 0, 0, 0, 0, 0, 0, 0, 0, 0, 14, 0, 0, 14, 0, 0, 0, 0, 0, 0, 0, 0, 0, 0, 0, 0, 0,
            0, 0, 0, 0, 0, 0, 0, 0, 0, 14, 14, 14, 0, 0, 0, 0, 0, 0, 0, 0, 0, 0, 0, 14, 0, 0, 14, 0, 14, 14, 14, 14, 14, 14, 14, 14, 0, 0, 0, 0,
            0, 0, 0, 0, 0, 0, 0, 0, 0, 0, 0, 0, 0, 0, 14, 14, 14, 14, 14, 0, 0, 14, 14, 14, 0, 0, 14, 0, 0, 0, 0, 0, 0, 0, 0, 14, 0, 0, 0, 0,
            0, 0, 0, 0, 0, 0, 0, 0, 0, 0, 0, 0, 0, 0, 14, 14, 14, 14, 0, 0, 0, 14, 14, 14, 0, 0, 14, 14, 14, 14, 14, 0, 0, 0, 0, 14, 0, 0, 0, 0,
            0, 0, 0, 0, 0, 0, 0, 0, 0, 0, 0, 0, 0, 0, 14, 14, 14, 14, 0, 0, 0, 0, 0, 0, 0, 0, 14, 0, 0, 0, 0, 0, 0, 0, 0, 14, 0, 0, 0, 0,
            0, 0, 0, 0, 0, 0, 0, 0, 0, 0, 0, 0, 0, 0, 14, 14, 14, 14, 0, 0, 0, 0, 0, 0, 0, 0, 14, 14, 14, 0, 14, 14, 14, 14, 14, 14, 0, 0, 0, 0,
            0, 0, 0, 0, 0, 0, 0, 0, 0, 0, 0, 0, 0, 0, 14, 14, 14, 14, 14, 14, 14, 14, 14, 14, 14, 14, 14, 0, 0, 0, 0, 0, 0, 0, 0, 0, 0, 0, 0, 0,
            0, 0, 0, 0, 0, 0, 0, 0, 0, 0, 0, 0, 0, 0, 0, 0, 0, 0, 0, 0, 0, 0, 0, 0, 0, 0, 0, 0, 0, 0, 0, 0, 0, 0, 0, 0, 0, 0, 0, 0,
            0, 0, 0, 0, 0, 0, 0, 0, 0, 0, 0, 0, 0, 0, 0, 0, 0, 0, 0, 0, 0, 0, 0, 0, 0, 0, 0, 0, 0, 0, 0, 0, 0, 14, 14, 14, 14, 14, 0, 0,
            0, 0, 0, 0, 0, 0, 0, 0, 0, 14, 14, 14, 0, 0, 14, 14, 0, 0, 14, 14, 0, 1, 0, 1, 0, 1, 0, 1, 0, 14, 14, 14, 14, 14, 14, 14, 14, 14, 0, 0,
            0, 0, 0, 0, 0, 0, 0, 0, 0, 14, 14, 14, 0, 0, 14, 14, 14, 14, 14, 14, 0, 0, 0, 0, 0, 0, 0, 0, 0, 14, 14, 14, 14, 14, 14, 14, 14, 14, 0, 0,
            0, 0, 1, 0, 14, 14, 14, 14, 14, 14, 14, 14, 0, 0, 14, 14, 14, 14, 14, 14, 0, 0, 0, 0, 0, 0, 0, 0, 0, 14, 14, 14, 14, 14, 14, 14, 14, 14, 0, 0,
            0, 0, 0, 0, 14, 14, 14, 14, 14, 14, 14, 14, 0, 0, 0, 0, 0, 0, 0, 14, 14, 14, 14, 14, 14, 14, 14, 14, 14, 14, 14, 0, 0, 0, 0, 0, 0, 0, 0, 0,
            1, 0, 0, 0, 14, 14, 14, 14, 14, 14, 14, 14, 0, 0, 0, 0, 0, 0, 0, 14, 0, 0, 0, 0, 0, 0, 0, 0, 0, 0, 14, 0, 0, 14, 14, 0, 0, 0, 0, 0,
            0, 0, 0, 14, 14, 14, 14, 14, 14, 14, 14, 14, 14, 14, 14, 14, 14, 14, 14, 14, 0, 0, 0, 0, 0, 0, 0, 0, 0, 0, 14, 0, 0, 14, 0, 0, 0, 0, 0, 0,
            0, 0, 1, 0, 0, 0, 0, 0, 0, 0, 0, 0, 0, 0, 0, 14, 14, 0, 0, 0, 0, 0, 0, 0, 0, 0, 0, 0, 0, 0, 14, 0, 0, 14, 0, 0, 0, 0, 0, 0,
            0, 0, 0, 0, 0, 0, 0, 14, 14, 14, 14, 14, 14, 0, 0, 14, 14, 0, 0, 0, 0, 0, 0, 0, 0, 0, 0, 0, 0, 0, 14, 0, 0, 14, 0, 0, 0, 0, 0, 0,
            1, 0, 0, 0, 0, 0, 0, 14, 14, 14, 14, 14, 14, 0, 0, 14, 14, 14, 0, 0, 0, 0, 0, 0, 0, 0, 0, 0, 0, 0, 14, 0, 0, 14, 0, 0, 0, 0, 0, 0,
            0, 0, 0, 0, 0, 0, 0, 14, 14, 14, 14, 14, 14, 0, 0, 0, 0, 0, 0, 0, 0, 0, 0, 0, 0, 0, 0, 0, 0, 0, 0, 0, 0, 14, 0, 0, 0, 0, 0, 0,
            0, 0, 14, 14, 14, 14, 14, 14, 14, 14, 14, 14, 14, 0, 0, 0, 0, 0, 0, 0, 0, 0, 0, 0, 0, 0, 0, 0, 0, 0, 0, 0, 0, 14, 0, 0, 0, 0, 0, 0,
            0, 0, 14, 14, 14, 14, 14, 14, 14, 14, 14, 14, 14, 14, 14, 14, 14, 14, 0, 0, 0, 0, 0, 0, 0, 0, 0, 0, 0, 0, 0, 0, 0, 14, 0, 0, 0, 0, 0, 0,
            0, 0, 14, 14, 14, 14, 14, 14, 14, 14, 14, 14, 14, 14, 14, 14, 14, 14, 0, 0, 0, 0, 0, 0, 0, 0, 0, 0, 0, 0, 0, 0, 0, 14, 0, 0, 0, 0, 14, 14,
            0, 0, 0, 0, 0, 0, 0, 0, 0, 0, 0, 0, 0, 0, 0, 0, 0, 14, 14, 14, 14, 14, 14, 14, 14, 14, 14, 14, 14, 14, 14, 14, 14, 14, 0, 0, 0, 0, 0, 0,
            0, 0, 0, 0, 0, 0, 0, 0, 0, 0, 0, 0, 0, 0, 0, 0, 0, 0, 0, 0, 0, 0, 0, 0, 0, 0, 0, 0, 0, 0, 0, 0, 0, 0, 0, 0, 0, 0, 0, 0,
            0, 0, 0, 0, 0, 0, 0, 0, 0, 0, 0, 0, 0, 0, 0, 0, 0, 0, 0, 0, 0, 0, 0, 0, 0, 0, 0, 0, 0, 0, 0, 0, 0, 0, 0, 0, 0, 0, 0, 0,
            0, 0, 0, 0, 0, 0, 0, 0, 0, 0, 0, 0, 0, 0, 0, 0, 0, 0, 0, 0, 0, 0, 0, 0, 0, 0, 0, 0, 0, 0, 0, 0, 0, 0, 0, 0, 0, 0, 0, 0,
            0, 0, 0, 0, 0, 0, 0, 0, 0, 0, 0, 0, 0, 0, 0, 0, 0, 0, 0, 0, 0, 0, 0, 0, 0, 0, 0, 0, 0, 0, 0, 0, 0, 0, 0, 0, 0, 0, 0, 0,
            0, 0, 0, 0, 0, 0, 0, 0, 0, 0, 0, 0, 0, 0, 0, 0, 0, 0, 0, 0, 0, 0, 0, 0, 0, 0, 0, 0, 0, 0, 0, 0, 0, 14, 14, 14, 14, 14, 14, 14,
            0, 0, 0, 0, 0, 0, 0, 0, 0, 0, 0, 0, 0, 0, 0, 0, 0, 0, 0, 0, 0, 0, 0, 0, 0, 0, 0, 14, 14, 14, 14, 14, 14, 14, 14, 14, 14, 14, 14, 14],
         "height":33,
         "id":1,
         "name":"sols",
         "opacity":1,
         "type":"tilelayer",
         "visible":true,
         "width":40,
         "x":0,
         "y":0
        }, 
        {
         "draworder":"topdown",
         "id":4,
         "name":"fleurs",
         "objects":[
                {
                 "class":"",
                 "gid":22,
                 "height":32,
                 "id":5,
                 "name":"",
                 "rotation":0,
                 "visible":true,
                 "width":32,
                 "x":209,
                 "y":225
                }, 
                {
                 "class":"",
                 "gid":22,
                 "height":32,
                 "id":10,
                 "name":"",
                 "rotation":0,
                 "visible":true,
                 "width":32,
                 "x":928,
                 "y":224
                }, 
                {
                 "class":"",
                 "gid":22,
                 "height":32,
                 "id":11,
                 "name":"",
                 "rotation":0,
                 "visible":true,
                 "width":32,
                 "x":576,
                 "y":576
                }],
         "opacity":1,
         "type":"objectgroup",
         "visible":true,
         "x":0,
         "y":0
        }, 
        {
         "draworder":"topdown",
         "id":6,
         "name":"escalade",
         "objects":[
                {
                 "class":"",
                 "gid":7,
                 "height":32,
                 "id":13,
                 "name":"",
                 "rotation":0,
                 "visible":true,
                 "width":32,
                 "x":384,
                 "y":448
                }, 
                {
                 "class":"",
                 "gid":7,
                 "height":32,
                 "id":15,
                 "name":"",
                 "rotation":0,
                 "visible":true,
                 "width":32,
                 "x":416,
                 "y":672
                }, 
                {
                 "class":"",
                 "gid":7,
                 "height":32,
                 "id":16,
                 "name":"",
                 "rotation":0,
                 "visible":true,
                 "width":32,
                 "x":768,
                 "y":192
                }, 
                {
                 "class":"",
                 "gid":7,
                 "height":32,
                 "id":17,
                 "name":"",
                 "rotation":0,
                 "visible":true,
                 "width":32,
                 "x":768,
                 "y":128
                }],
         "opacity":1,
         "type":"objectgroup",
         "visible":true,
         "x":0,
         "y":0
        }, 
        {
         "draworder":"topdown",
         "id":7,
         "name":"escalade_grand",
         "objects":[
                {
                 "class":"",
                 "gid":60,
                 "height":32,
                 "id":18,
                 "name":"",
                 "rotation":0,
                 "visible":true,
                 "width":32,
                 "x":1184,
                 "y":928
                }],
         "opacity":1,
         "type":"objectgroup",
         "visible":true,
         "x":0,
         "y":0
        }, 
        {
         "draworder":"topdown",
         "id":15,
         "name":"cubes",
         "objects":[
                {
                 "class":"",
                 "gid":24,
                 "height":32,
                 "id":130,
                 "name":"",
                 "rotation":0,
                 "visible":true,
                 "width":32,
                 "x":1040,
                 "y":736
                }, 
                {
                 "class":"",
                 "gid":24,
                 "height":32,
                 "id":131,
                 "name":"",
                 "rotation":0,
                 "visible":true,
                 "width":32,
                 "x":990.666666666667,
                 "y":704
                }, 
                {
                 "class":"",
                 "gid":24,
                 "height":32,
                 "id":132,
                 "name":"",
                 "rotation":0,
                 "visible":true,
                 "width":32,
                 "x":1040,
                 "y":672
                }, 
                {
                 "class":"",
                 "gid":24,
                 "height":32,
                 "id":133,
                 "name":"",
                 "rotation":0,
                 "visible":true,
                 "width":32,
                 "x":992,
                 "y":625.333333333333
                }, 
                {
                 "class":"",
                 "gid":24,
                 "height":32,
                 "id":134,
                 "name":"",
                 "rotation":0,
                 "visible":true,
                 "width":32,
                 "x":1040.16666666667,
                 "y":576
                }, 
                {
                 "class":"",
                 "gid":24,
                 "height":32,
                 "id":135,
                 "name":"",
                 "rotation":0,
                 "visible":true,
                 "width":32,
                 "x":1040.16666666667,
                 "y":576
                }],
         "opacity":1,
         "type":"objectgroup",
         "visible":true,
         "x":0,
         "y":0
        }, 
        {
         "draworder":"topdown",
         "id":3,
         "name":"ronces",
         "objects":[
                {
                 "class":"",
                 "gid":23,
                 "height":32,
                 "id":1,
                 "name":"",
                 "rotation":0,
                 "visible":true,
                 "width":32,
                 "x":805.666666666667,
                 "y":195.666666666667
                }, 
                {
                 "class":"",
                 "gid":23,
                 "height":32,
                 "id":3,
                 "name":"",
                 "rotation":0,
                 "visible":true,
                 "width":32,
                 "x":769.333333333333,
                 "y":126.666666666667
                }, 
                {
                 "class":"",
                 "gid":23,
                 "height":32,
                 "id":8,
                 "name":"",
                 "rotation":0,
                 "visible":true,
                 "width":32,
                 "x":458.208333333333,
                 "y":652.125
                }, 
                {
                 "class":"",
                 "gid":23,
                 "height":32,
                 "id":9,
                 "name":"",
                 "rotation":0,
                 "visible":true,
                 "width":32,
                 "x":413.333333333333,
                 "y":699.958333333334
                }],
         "opacity":1,
         "type":"objectgroup",
         "visible":true,
         "x":0,
         "y":0
        }, 
        {
         "draworder":"topdown",
         "id":8,
         "name":"plateformes",
         "objects":[
                {
                 "class":"",
                 "gid":2,
                 "height":32,
                 "id":19,
                 "name":"",
                 "rotation":0,
                 "visible":true,
                 "width":32,
                 "x":1184,
                 "y":736
                }, 
                {
                 "class":"",
                 "gid":2,
                 "height":32,
                 "id":20,
                 "name":"",
                 "rotation":0,
                 "visible":true,
                 "width":32,
                 "x":1120,
                 "y":672
                }, 
                {
                 "class":"",
                 "gid":2,
                 "height":32,
                 "id":21,
                 "name":"",
                 "rotation":0,
                 "visible":true,
                 "width":32,
                 "x":1184,
                 "y":608
                }, 
                {
                 "class":"",
                 "gid":2,
                 "height":32,
                 "id":22,
                 "name":"",
                 "rotation":0,
                 "visible":true,
                 "width":32,
                 "x":992,
                 "y":800
                }],
         "opacity":1,
         "type":"objectgroup",
         "visible":true,
         "x":0,
         "y":0
        }, 
        {
         "draworder":"topdown",
         "id":9,
         "name":"terre",
         "objects":[
                {
                 "class":"",
                 "gid":4,
                 "height":32,
                 "id":23,
                 "name":"",
                 "rotation":0,
                 "visible":true,
                 "width":32,
                 "x":192,
                 "y":128
                }, 
                {
                 "class":"",
                 "gid":4,
                 "height":32,
                 "id":24,
                 "name":"",
                 "rotation":0,
                 "visible":true,
                 "width":32,
                 "x":192,
                 "y":256
                }, 
                {
                 "class":"",
                 "gid":4,
                 "height":32,
                 "id":93,
                 "name":"",
                 "rotation":0,
                 "visible":true,
                 "width":32,
                 "x":608,
                 "y":800
                }, 
                {
                 "class":"",
                 "gid":4,
                 "height":32,
                 "id":94,
                 "name":"",
                 "rotation":0,
                 "visible":true,
                 "width":32,
                 "x":736,
                 "y":800
                }, 
                {
                 "class":"",
                 "gid":4,
                 "height":32,
                 "id":95,
                 "name":"",
                 "rotation":0,
                 "visible":true,
                 "width":32,
                 "x":864,
                 "y":800
                }],
         "opacity":1,
         "type":"objectgroup",
         "visible":true,
         "x":0,
         "y":0
        }, 
        {
         "draworder":"topdown",
         "id":10,
         "name":"sable",
         "objects":[
                {
                 "class":"",
                 "gid":25,
                 "height":32,
                 "id":25,
                 "name":"",
                 "rotation":0,
                 "visible":true,
                 "width":32,
                 "x":160,
                 "y":736
                }, 
                {
                 "class":"",
                 "gid":25,
                 "height":32,
                 "id":26,
                 "name":"",
                 "rotation":0,
                 "visible":true,
                 "width":32,
                 "x":480,
                 "y":576
                }, 
                {
                 "class":"",
                 "gid":25,
                 "height":32,
                 "id":27,
                 "name":"",
                 "rotation":0,
                 "visible":true,
                 "width":32,
                 "x":576,
                 "y":192
                }],
         "opacity":1,
         "type":"objectgroup",
         "visible":true,
         "x":0,
         "y":0
        }, 
        {
         "draworder":"topdown",
         "id":11,
         "name":"pics",
         "objects":[
                {
                 "class":"",
                 "gid":6,
                 "height":32,
                 "id":28,
                 "name":"",
                 "rotation":0,
                 "visible":true,
                 "width":32,
                 "x":1024,
                 "y":160
                }, 
                {
                 "class":"",
                 "gid":6,
                 "height":32,
                 "id":29,
                 "name":"",
                 "rotation":0,
                 "visible":true,
                 "width":32,
                 "x":1088,
                 "y":160
                }, 
                {
                 "class":"",
                 "gid":6,
                 "height":32,
                 "id":30,
                 "name":"",
                 "rotation":0,
                 "visible":true,
                 "width":32,
                 "x":928,
                 "y":96
                }, 
                {
                 "class":"",
                 "gid":6,
                 "height":32,
                 "id":31,
                 "name":"",
                 "rotation":0,
                 "visible":true,
                 "width":32,
                 "x":320,
                 "y":160
                }, 
                {
                 "class":"",
                 "gid":6,
                 "height":32,
                 "id":32,
                 "name":"",
                 "rotation":0,
                 "visible":true,
                 "width":32,
                 "x":640,
                 "y":512
                }, 
                {
                 "class":"",
                 "gid":6,
                 "height":32,
                 "id":33,
                 "name":"",
                 "rotation":0,
                 "visible":true,
                 "width":32,
                 "x":672,
                 "y":512
                }, 
                {
                 "class":"",
                 "gid":6,
                 "height":32,
                 "id":34,
                 "name":"",
                 "rotation":0,
                 "visible":true,
                 "width":32,
                 "x":704,
                 "y":512
                }, 
                {
                 "class":"",
                 "gid":6,
                 "height":32,
                 "id":35,
                 "name":"",
                 "rotation":0,
                 "visible":true,
                 "width":32,
                 "x":736,
                 "y":512
                }, 
                {
                 "class":"",
                 "gid":6,
                 "height":32,
                 "id":36,
                 "name":"",
                 "rotation":0,
                 "visible":true,
                 "width":32,
                 "x":768,
                 "y":512
                }, 
                {
                 "class":"",
                 "gid":6,
                 "height":32,
                 "id":37,
                 "name":"",
                 "rotation":0,
                 "visible":true,
                 "width":32,
                 "x":800,
                 "y":512
                }, 
                {
                 "class":"",
                 "gid":6,
                 "height":32,
                 "id":38,
                 "name":"",
                 "rotation":0,
                 "visible":true,
                 "width":32,
                 "x":832,
                 "y":512
                }, 
                {
                 "class":"",
                 "gid":6,
                 "height":32,
                 "id":39,
                 "name":"",
                 "rotation":0,
                 "visible":true,
                 "width":32,
                 "x":864,
                 "y":512
                }, 
                {
                 "class":"",
                 "gid":6,
                 "height":32,
                 "id":40,
                 "name":"",
                 "rotation":0,
                 "visible":true,
                 "width":32,
                 "x":896,
                 "y":512
                }, 
                {
                 "class":"",
                 "gid":6,
                 "height":32,
                 "id":41,
                 "name":"",
                 "rotation":0,
                 "visible":true,
                 "width":32,
                 "x":576,
                 "y":832
                }, 
                {
                 "class":"",
                 "gid":6,
                 "height":32,
                 "id":42,
                 "name":"",
                 "rotation":0,
                 "visible":true,
                 "width":32,
                 "x":608,
                 "y":832
                }, 
                {
                 "class":"",
                 "gid":6,
                 "height":32,
                 "id":43,
                 "name":"",
                 "rotation":0,
                 "visible":true,
                 "width":32,
                 "x":640,
                 "y":832
                }, 
                {
                 "class":"",
                 "gid":6,
                 "height":32,
                 "id":44,
                 "name":"",
                 "rotation":0,
                 "visible":true,
                 "width":32,
                 "x":672,
                 "y":832
                }, 
                {
                 "class":"",
                 "gid":6,
                 "height":32,
                 "id":45,
                 "name":"",
                 "rotation":0,
                 "visible":true,
                 "width":32,
                 "x":704,
                 "y":832
                }, 
                {
                 "class":"",
                 "gid":6,
                 "height":32,
                 "id":46,
                 "name":"",
                 "rotation":0,
                 "visible":true,
                 "width":32,
                 "x":736,
                 "y":832
                }, 
                {
                 "class":"",
                 "gid":6,
                 "height":32,
                 "id":47,
                 "name":"",
                 "rotation":0,
                 "visible":true,
                 "width":32,
                 "x":768,
                 "y":832
                }, 
                {
                 "class":"",
                 "gid":6,
                 "height":32,
                 "id":48,
                 "name":"",
                 "rotation":0,
                 "visible":true,
                 "width":32,
                 "x":800,
                 "y":832
                }, 
                {
                 "class":"",
                 "gid":6,
                 "height":32,
                 "id":49,
                 "name":"",
                 "rotation":0,
                 "visible":true,
                 "width":32,
                 "x":832,
                 "y":832
                }, 
                {
                 "class":"",
                 "gid":6,
                 "height":32,
                 "id":50,
                 "name":"",
                 "rotation":0,
                 "visible":true,
                 "width":32,
                 "x":864,
                 "y":832
                }, 
                {
                 "class":"",
                 "gid":6,
                 "height":32,
                 "id":51,
                 "name":"",
                 "rotation":0,
                 "visible":true,
                 "width":32,
                 "x":896,
                 "y":832
                }, 
                {
                 "class":"",
                 "gid":6,
                 "height":32,
                 "id":52,
                 "name":"",
                 "rotation":0,
                 "visible":true,
                 "width":32,
                 "x":928,
                 "y":832
                }, 
                {
                 "class":"",
                 "gid":6,
                 "height":32,
                 "id":53,
                 "name":"",
                 "rotation":0,
                 "visible":true,
                 "width":32,
                 "x":960,
                 "y":832
                }, 
                {
                 "class":"",
                 "gid":6,
                 "height":32,
                 "id":54,
                 "name":"",
                 "rotation":0,
                 "visible":true,
                 "width":32,
                 "x":992,
                 "y":832
                }, 
                {
                 "class":"",
                 "gid":6,
                 "height":32,
                 "id":55,
                 "name":"",
                 "rotation":0,
                 "visible":true,
                 "width":32,
                 "x":1024,
                 "y":832
                }, 
                {
                 "class":"",
                 "gid":6,
                 "height":32,
                 "id":191,
                 "name":"",
                 "rotation":0,
                 "visible":true,
                 "width":32,
                 "x":864,
                 "y":96
                }, 
                {
                 "class":"",
                 "gid":6,
                 "height":32,
                 "id":197,
                 "name":"",
                 "rotation":0,
                 "visible":true,
                 "width":32,
                 "x":1024,
                 "y":288
                }],
         "opacity":1,
         "type":"objectgroup",
         "visible":true,
         "x":0,
         "y":0
        }, 
        {
         "draworder":"topdown",
         "id":19,
         "name":"picsplafond",
         "objects":[
                {
                 "class":"",
                 "gid":6,
                 "height":32,
                 "id":186,
                 "name":"",
                 "rotation":180,
                 "visible":true,
                 "width":32,
                 "x":288,
                 "y":608
                }, 
                {
                 "class":"",
                 "gid":6,
                 "height":32,
                 "id":187,
                 "name":"",
                 "rotation":180,
                 "visible":true,
                 "width":32,
                 "x":320,
                 "y":608
                }, 
                {
                 "class":"",
                 "gid":6,
                 "height":32,
                 "id":188,
                 "name":"",
                 "rotation":180,
                 "visible":true,
                 "width":32,
                 "x":352,
                 "y":608
                }, 
                {
                 "class":"",
                 "gid":6,
                 "height":32,
                 "id":189,
                 "name":"",
                 "rotation":180,
                 "visible":true,
                 "width":32,
                 "x":384,
                 "y":608
                }, 
                {
                 "class":"",
                 "gid":6,
                 "height":32,
                 "id":195,
                 "name":"",
                 "rotation":180,
                 "visible":true,
                 "width":32,
                 "x":928,
                 "y":128
                }, 
                {
                 "class":"",
                 "gid":6,
                 "height":32,
                 "id":196,
                 "name":"",
                 "rotation":180,
                 "visible":true,
                 "width":32,
                 "x":960,
                 "y":128
                }],
         "opacity":1,
         "type":"objectgroup",
         "visible":true,
         "x":0,
         "y":0
        }, 
        {
         "draworder":"topdown",
         "id":12,
         "name":"eau",
         "objects":[
                {
                 "class":"",
                 "gid":30,
                 "height":32,
                 "id":63,
                 "name":"",
                 "rotation":0,
                 "visible":true,
                 "width":32,
                 "x":512,
                 "y":448
                }],
         "opacity":1,
         "type":"objectgroup",
         "visible":true,
         "x":0,
         "y":0
        }, 
        {
         "draworder":"topdown",
         "id":13,
         "name":"checkpoint",
         "objects":[
                {
                 "class":"",
                 "gid":22,
                 "height":32,
                 "id":64,
                 "name":"",
                 "rotation":0,
                 "visible":true,
                 "width":32,
                 "x":960,
                 "y":416
                }, 
                {
                 "class":"",
                 "gid":22,
                 "height":32,
                 "id":65,
                 "name":"",
                 "rotation":0,
                 "visible":true,
                 "width":32,
                 "x":96,
                 "y":736
                }, 
                {
                 "class":"",
                 "gid":22,
                 "height":32,
                 "id":66,
                 "name":"",
                 "rotation":0,
                 "visible":true,
                 "width":32,
                 "x":512,
                 "y":768
                }, 
                {
                 "class":"",
                 "gid":22,
                 "height":32,
                 "id":127,
                 "name":"",
                 "rotation":0,
                 "visible":true,
                 "width":32,
                 "x":736,
                 "y":320
                }, 
                {
                 "class":"",
                 "gid":22,
                 "height":32,
                 "id":190,
                 "name":"",
                 "rotation":0,
                 "visible":true,
                 "width":32,
                 "x":1056,
                 "y":544
                }],
         "opacity":1,
         "type":"objectgroup",
         "visible":true,
         "x":0,
         "y":0
        }, 
        {
         "draworder":"topdown",
         "id":14,
         "name":"vide",
         "objects":[
                {
                 "class":"",
                 "gid":22,
                 "height":32,
                 "id":136,
                 "name":"",
                 "rotation":0,
                 "visible":true,
                 "width":32,
                 "x":416,
                 "y":320
                }, 
                {
                 "class":"",
                 "gid":22,
                 "height":32,
                 "id":137,
                 "name":"",
                 "rotation":0,
                 "visible":true,
                 "width":32,
                 "x":384,
                 "y":320
                }, 
                {
                 "class":"",
                 "gid":22,
                 "height":32,
                 "id":138,
                 "name":"",
                 "rotation":0,
                 "visible":true,
                 "width":32,
                 "x":352,
                 "y":320
                }, 
                {
                 "class":"",
                 "gid":22,
                 "height":32,
                 "id":139,
                 "name":"",
                 "rotation":0,
                 "visible":true,
                 "width":32,
                 "x":320,
                 "y":320
                }, 
                {
                 "class":"",
                 "gid":22,
                 "height":32,
                 "id":140,
                 "name":"",
                 "rotation":0,
                 "visible":true,
                 "width":32,
                 "x":288,
                 "y":320
                }, 
                {
                 "class":"",
                 "gid":22,
                 "height":32,
                 "id":141,
                 "name":"",
                 "rotation":0,
                 "visible":true,
                 "width":32,
                 "x":256,
                 "y":320
                }, 
                {
                 "class":"",
                 "gid":22,
                 "height":32,
                 "id":142,
                 "name":"",
                 "rotation":0,
                 "visible":true,
                 "width":32,
                 "x":224,
                 "y":320
                }, 
                {
                 "class":"",
                 "gid":22,
                 "height":32,
                 "id":143,
                 "name":"",
                 "rotation":0,
                 "visible":true,
                 "width":32,
                 "x":192,
                 "y":320
                }, 
                {
                 "class":"",
                 "gid":22,
                 "height":32,
                 "id":144,
                 "name":"",
                 "rotation":0,
                 "visible":true,
                 "width":32,
                 "x":160,
                 "y":320
                }, 
                {
                 "class":"",
                 "gid":22,
                 "height":32,
                 "id":145,
                 "name":"",
                 "rotation":0,
                 "visible":true,
                 "width":32,
                 "x":128,
                 "y":320
                }, 
                {
                 "class":"",
                 "gid":22,
                 "height":32,
                 "id":146,
                 "name":"",
                 "rotation":0,
                 "visible":true,
                 "width":32,
                 "x":96,
                 "y":320
                }, 
                {
                 "class":"",
                 "gid":22,
                 "height":32,
                 "id":147,
                 "name":"",
                 "rotation":0,
                 "visible":true,
                 "width":32,
                 "x":64,
                 "y":320
                }, 
                {
                 "class":"",
                 "gid":22,
                 "height":32,
                 "id":148,
                 "name":"",
                 "rotation":0,
                 "visible":true,
                 "width":32,
                 "x":32,
                 "y":320
                }, 
                {
                 "class":"",
                 "gid":22,
                 "height":32,
                 "id":149,
                 "name":"",
                 "rotation":0,
                 "visible":true,
                 "width":32,
                 "x":0,
                 "y":320
                }, 
                {
                 "class":"",
                 "gid":22,
                 "height":32,
                 "id":151,
                 "name":"",
                 "rotation":0,
                 "visible":true,
                 "width":32,
                 "x":0,
                 "y":1056
                }, 
                {
                 "class":"",
                 "gid":22,
                 "height":32,
                 "id":152,
                 "name":"",
                 "rotation":0,
                 "visible":true,
                 "width":32,
                 "x":32,
                 "y":1056
                }, 
                {
                 "class":"",
                 "gid":22,
                 "height":32,
                 "id":153,
                 "name":"",
                 "rotation":0,
                 "visible":true,
                 "width":32,
                 "x":64,
                 "y":1056
                }, 
                {
                 "class":"",
                 "gid":22,
                 "height":32,
                 "id":154,
                 "name":"",
                 "rotation":0,
                 "visible":true,
                 "width":32,
                 "x":96,
                 "y":1056
                }, 
                {
                 "class":"",
                 "gid":22,
                 "height":32,
                 "id":155,
                 "name":"",
                 "rotation":0,
                 "visible":true,
                 "width":32,
                 "x":128,
                 "y":1056
                }, 
                {
                 "class":"",
                 "gid":22,
                 "height":32,
                 "id":156,
                 "name":"",
                 "rotation":0,
                 "visible":true,
                 "width":32,
                 "x":160,
                 "y":1056
                }, 
                {
                 "class":"",
                 "gid":22,
                 "height":32,
                 "id":157,
                 "name":"",
                 "rotation":0,
                 "visible":true,
                 "width":32,
                 "x":192,
                 "y":1056
                }, 
                {
                 "class":"",
                 "gid":22,
                 "height":32,
                 "id":158,
                 "name":"",
                 "rotation":0,
                 "visible":true,
                 "width":32,
                 "x":224,
                 "y":1056
                }, 
                {
                 "class":"",
                 "gid":22,
                 "height":32,
                 "id":159,
                 "name":"",
                 "rotation":0,
                 "visible":true,
                 "width":32,
                 "x":256,
                 "y":1056
                }, 
                {
                 "class":"",
                 "gid":22,
                 "height":32,
                 "id":160,
                 "name":"",
                 "rotation":0,
                 "visible":true,
                 "width":32,
                 "x":288,
                 "y":1056
                }, 
                {
                 "class":"",
                 "gid":22,
                 "height":32,
                 "id":161,
                 "name":"",
                 "rotation":0,
                 "visible":true,
                 "width":32,
                 "x":320,
                 "y":1056
                }, 
                {
                 "class":"",
                 "gid":22,
                 "height":32,
                 "id":162,
                 "name":"",
                 "rotation":0,
                 "visible":true,
                 "width":32,
                 "x":352,
                 "y":1056
                }, 
                {
                 "class":"",
                 "gid":22,
                 "height":32,
                 "id":163,
                 "name":"",
                 "rotation":0,
                 "visible":true,
                 "width":32,
                 "x":384,
                 "y":1056
                }, 
                {
                 "class":"",
                 "gid":22,
                 "height":32,
                 "id":164,
                 "name":"",
                 "rotation":0,
                 "visible":true,
                 "width":32,
                 "x":416,
                 "y":1056
                }, 
                {
                 "class":"",
                 "gid":22,
                 "height":32,
                 "id":165,
                 "name":"",
                 "rotation":0,
                 "visible":true,
                 "width":32,
                 "x":448,
                 "y":1056
                }, 
                {
                 "class":"",
                 "gid":22,
                 "height":32,
                 "id":166,
                 "name":"",
                 "rotation":0,
                 "visible":true,
                 "width":32,
                 "x":480,
                 "y":1056
                }, 
                {
                 "class":"",
                 "gid":22,
                 "height":32,
                 "id":167,
                 "name":"",
                 "rotation":0,
                 "visible":true,
                 "width":32,
                 "x":512,
                 "y":1056
                }, 
                {
                 "class":"",
                 "gid":22,
                 "height":32,
                 "id":168,
                 "name":"",
                 "rotation":0,
                 "visible":true,
                 "width":32,
                 "x":544,
                 "y":1056
                }, 
                {
                 "class":"",
                 "gid":22,
                 "height":32,
                 "id":169,
                 "name":"",
                 "rotation":0,
                 "visible":true,
                 "width":32,
                 "x":576,
                 "y":1056
                }, 
                {
                 "class":"",
                 "gid":22,
                 "height":32,
                 "id":170,
                 "name":"",
                 "rotation":0,
                 "visible":true,
                 "width":32,
                 "x":608,
                 "y":1056
                }, 
                {
                 "class":"",
                 "gid":22,
                 "height":32,
                 "id":171,
                 "name":"",
                 "rotation":0,
                 "visible":true,
                 "width":32,
                 "x":640,
                 "y":1056
                }, 
                {
                 "class":"",
                 "gid":22,
                 "height":32,
                 "id":172,
                 "name":"",
                 "rotation":0,
                 "visible":true,
                 "width":32,
                 "x":640,
                 "y":1056
                }, 
                {
                 "class":"",
                 "gid":22,
                 "height":32,
                 "id":173,
                 "name":"",
                 "rotation":0,
                 "visible":true,
                 "width":32,
                 "x":672,
                 "y":1056
                }, 
                {
                 "class":"",
                 "gid":22,
                 "height":32,
                 "id":174,
                 "name":"",
                 "rotation":0,
                 "visible":true,
                 "width":32,
                 "x":704,
                 "y":1056
                }, 
                {
                 "class":"",
                 "gid":22,
                 "height":32,
                 "id":175,
                 "name":"",
                 "rotation":0,
                 "visible":true,
                 "width":32,
                 "x":736,
                 "y":1056
                }, 
                {
                 "class":"",
                 "gid":22,
                 "height":32,
                 "id":176,
                 "name":"",
                 "rotation":0,
                 "visible":true,
                 "width":32,
                 "x":768,
                 "y":1056
                },
            
                {
                 "class":"",
                 "gid":22,
                 "height":32,
                 "id":177,
                 "name":"",
                 "rotation":0,
                 "visible":true,
                 "width":32,
                 "x":800,
                 "y":1056
                }, 
                {
                 "class":"",
                 "gid":22,
                 "height":32,
                 "id":178,
                 "name":"",
                 "rotation":0,
                 "visible":true,
                 "width":32,
                 "x":832,
                 "y":1056
                }],
         "opacity":1,
         "type":"objectgroup",
         "visible":true,
         "x":0,
         "y":0
        }, 
        {
         "draworder":"topdown",
         "id":17,
         "name":"porte",
         "objects":[
                {
                 "class":"",
                 "gid":22,
                 "height":32,
                 "id":179,
                 "name":"",
                 "rotation":0,
                 "visible":true,
                 "width":32,
                 "x":1248,
                 "y":992
                }],
         "opacity":1,
         "type":"objectgroup",
         "visible":true,
         "x":0,
         "y":0
        }, 
        {
         "draworder":"topdown",
         "id":20,
         "name":"dialoguesennemi",
         "objects":[
                {
                 "class":"",
                 "gid":22,
                 "height":32,
                 "id":193,
                 "name":"",
                 "rotation":0,
                 "visible":true,
                 "width":32,
                 "x":352,
                 "y":160
                }],
         "opacity":1,
         "type":"objectgroup",
         "visible":true,
         "x":0,
         "y":0
        }, 
        {
         "draworder":"topdown",
         "id":21,
         "name":"dialoguespetit",
         "objects":[
                {
                 "class":"",
                 "gid":22,
                 "height":32,
                 "id":194,
                 "name":"",
                 "rotation":0,
                 "visible":true,
                 "width":32,
                 "x":992,
                 "y":159
                }],
         "opacity":1,
         "type":"objectgroup",
         "visible":true,
         "x":0,
         "y":0
        }],
 "nextlayerid":22,
 "nextobjectid":200,
 "orientation":"orthogonal",
 "renderorder":"right-down",
 "tiledversion":"1.9.2",
 "tileheight":32,
 "tilesets":[
        {
         "columns":8,
         "firstgid":1,
         "image":"assetsforet.png",
         "imageheight":256,
         "imagewidth":256,
         "margin":0,
         "name":"assetsforet",
         "properties":[
                {
                 "name":"estSolide",
                 "type":"bool",
                 "value":false
                }],
         "spacing":0,
         "tilecount":64,
         "tileheight":32,
         "tiles":[
                {
                 "id":0,
                 "properties":[
                        {
                         "name":"estSolide",
                         "type":"bool",
                         "value":true
                        }]
                }, 
                {
                 "id":13,
                 "properties":[
                        {
                         "name":"estSolide",
                         "type":"bool",
                         "value":true
                        }]
                }],
         "tilewidth":32
        }],
 "tilewidth":32,
 "type":"map",
 "version":"1.9",
 "width":40
}