{ "compressionlevel":-1,
 "height":31,
 "infinite":false,
 "layers":[
        {
         "data":[0, 0, 0, 0, 0, 0, 0, 0, 0, 0, 0, 0, 0, 0, 0, 3, 0, 0, 0, 0, 0, 0, 0, 0, 0, 0, 0, 0, 0, 0, 0, 0, 0, 0,
            0, 0, 0, 0, 0, 0, 0, 0, 0, 0, 0, 0, 0, 0, 0, 3, 0, 0, 0, 0, 0, 0, 0, 0, 0, 0, 0, 49, 0, 0, 0, 0, 0, 0,
            0, 0, 0, 0, 0, 0, 0, 0, 0, 0, 0, 0, 0, 0, 0, 3, 0, 0, 0, 0, 0, 0, 0, 0, 0, 0, 0, 0, 0, 0, 0, 0, 0, 0,
            0, 0, 0, 0, 0, 0, 0, 0, 0, 0, 0, 0, 0, 0, 0, 3, 0, 0, 0, 0, 0, 0, 0, 0, 0, 0, 0, 0, 0, 0, 0, 0, 0, 0,
            0, 0, 0, 0, 0, 0, 0, 0, 0, 0, 0, 3, 3, 3, 3, 3, 0, 0, 0, 0, 0, 0, 0, 0, 0, 0, 0, 0, 0, 0, 0, 0, 3, 3,
            0, 0, 0, 0, 0, 0, 0, 3, 3, 3, 0, 0, 0, 0, 0, 0, 0, 0, 0, 0, 0, 0, 0, 0, 0, 0, 0, 0, 0, 0, 0, 0, 0, 0,
            0, 0, 0, 0, 0, 0, 0, 0, 0, 0, 0, 0, 0, 0, 0, 0, 0, 0, 0, 0, 0, 0, 0, 0, 0, 0, 0, 0, 0, 0, 0, 0, 0, 0,
            0, 0, 3, 0, 0, 0, 0, 0, 0, 0, 0, 0, 0, 0, 0, 0, 0, 0, 0, 0, 0, 0, 0, 0, 0, 0, 0, 0, 0, 0, 0, 0, 0, 0,
            0, 0, 0, 0, 0, 0, 0, 0, 0, 0, 0, 0, 0, 0, 0, 0, 0, 0, 0, 0, 0, 0, 0, 0, 0, 0, 0, 0, 0, 3, 3, 3, 0, 0,
            0, 0, 0, 0, 0, 0, 3, 3, 3, 3, 0, 0, 3, 3, 3, 0, 0, 0, 0, 0, 0, 0, 0, 0, 0, 0, 0, 0, 0, 0, 0, 0, 0, 0,
            0, 0, 0, 0, 0, 0, 0, 0, 0, 0, 0, 0, 0, 0, 0, 0, 0, 0, 0, 0, 0, 0, 0, 0, 0, 0, 0, 0, 0, 0, 0, 0, 0, 0,
            0, 0, 0, 0, 0, 0, 0, 0, 0, 0, 0, 0, 0, 0, 0, 0, 0, 3, 3, 3, 3, 3, 3, 3, 0, 3, 3, 3, 0, 0, 0, 0, 0, 0,
            0, 0, 0, 0, 0, 0, 0, 0, 0, 0, 0, 0, 0, 0, 0, 0, 0, 3, 0, 0, 0, 0, 0, 0, 0, 3, 3, 3, 0, 0, 0, 0, 0, 0,
            3, 3, 3, 3, 3, 3, 3, 3, 3, 0, 0, 0, 0, 0, 0, 0, 0, 3, 0, 0, 0, 0, 0, 0, 3, 3, 3, 3, 0, 0, 0, 0, 0, 0,
            3, 0, 0, 0, 0, 0, 0, 0, 3, 0, 0, 0, 0, 0, 0, 0, 0, 3, 3, 3, 3, 3, 3, 3, 3, 3, 3, 3, 0, 0, 0, 0, 0, 0,
            3, 0, 0, 0, 0, 0, 0, 0, 3, 0, 0, 0, 0, 0, 0, 0, 0, 0, 0, 0, 0, 0, 0, 0, 0, 0, 0, 0, 0, 0, 0, 0, 0, 0,
            3, 0, 0, 0, 0, 0, 0, 0, 3, 0, 0, 0, 0, 0, 0, 0, 0, 0, 0, 0, 0, 0, 0, 0, 0, 0, 0, 0, 0, 0, 0, 0, 0, 0,
            3, 0, 0, 0, 0, 0, 0, 0, 3, 0, 0, 0, 0, 0, 0, 0, 0, 0, 0, 0, 0, 0, 0, 0, 0, 0, 0, 0, 0, 0, 0, 0, 0, 0,
            3, 3, 3, 3, 3, 0, 0, 0, 3, 0, 0, 0, 0, 0, 0, 0, 0, 0, 0, 0, 0, 0, 0, 0, 0, 0, 0, 0, 0, 0, 0, 0, 0, 0,
            3, 3, 3, 3, 3, 0, 0, 0, 3, 3, 3, 3, 3, 3, 0, 3, 0, 0, 0, 0, 0, 0, 0, 0, 0, 0, 0, 0, 0, 0, 0, 0, 0, 0,
            3, 3, 3, 3, 3, 0, 0, 0, 0, 0, 0, 0, 0, 0, 0, 3, 0, 0, 0, 0, 0, 0, 0, 0, 0, 0, 0, 0, 0, 0, 0, 0, 0, 0,
            3, 3, 3, 3, 3, 3, 3, 3, 3, 3, 3, 3, 3, 3, 3, 3, 0, 0, 0, 0, 0, 0, 0, 0, 0, 0, 0, 0, 0, 0, 0, 0, 0, 0,
            3, 3, 3, 3, 3, 3, 3, 3, 3, 0, 0, 0, 0, 0, 0, 0, 0, 0, 0, 0, 0, 0, 0, 0, 0, 0, 0, 0, 0, 0, 0, 0, 0, 0,
            3, 3, 3, 3, 3, 3, 3, 3, 3, 0, 0, 0, 0, 0, 0, 0, 0, 0, 0, 0, 0, 0, 0, 0, 0, 0, 0, 0, 0, 0, 0, 0, 0, 0,
            3, 3, 3, 3, 3, 3, 3, 3, 3, 0, 0, 0, 0, 0, 0, 0, 0, 3, 3, 3, 0, 0, 0, 0, 0, 0, 0, 0, 0, 0, 0, 0, 0, 0,
            3, 3, 3, 3, 3, 3, 3, 3, 3, 0, 0, 0, 0, 0, 0, 3, 0, 3, 3, 3, 0, 0, 0, 0, 0, 0, 0, 0, 0, 0, 0, 0, 0, 0,
            3, 3, 3, 3, 3, 3, 3, 3, 3, 0, 0, 0, 0, 0, 0, 0, 0, 3, 3, 3, 0, 0, 0, 0, 0, 0, 0, 0, 0, 0, 0, 0, 0, 0,
            3, 3, 3, 3, 3, 3, 3, 3, 3, 0, 0, 0, 0, 0, 3, 3, 3, 3, 3, 3, 0, 0, 0, 0, 0, 0, 0, 0, 0, 0, 0, 0, 0, 0,
            3, 3, 3, 3, 3, 3, 3, 3, 3, 0, 0, 0, 0, 0, 3, 3, 3, 3, 3, 3, 0, 0, 0, 0, 0, 0, 0, 0, 0, 0, 0, 0, 0, 0,
            3, 3, 3, 3, 3, 3, 3, 3, 3, 0, 0, 0, 0, 0, 3, 3, 3, 3, 3, 3, 0, 0, 0, 0, 0, 0, 0, 0, 0, 0, 0, 0, 0, 0,
            3, 3, 3, 3, 3, 3, 3, 3, 3, 0, 0, 0, 0, 0, 3, 3, 3, 3, 3, 3, 0, 0, 0, 0, 0, 0, 0, 0, 0, 0, 0, 0, 0, 0],
         "height":31,
         "id":1,
         "name":"sols",
         "opacity":1,
         "type":"tilelayer",
         "visible":true,
         "width":34,
         "x":0,
         "y":0
        }, 
        {
         "draworder":"topdown",
         "id":10,
         "name":"coquillage1",
         "objects":[
                {
                 "class":"",
                 "gid":6,
                 "height":32,
                 "id":88,
                 "name":"",
                 "rotation":0,
                 "visible":true,
                 "width":32,
                 "x":576,
                 "y":448
                }, 
                {
                 "class":"",
                 "gid":6,
                 "height":32,
                 "id":89,
                 "name":"",
                 "rotation":0,
                 "visible":true,
                 "width":32,
                 "x":448,
                 "y":128
                }, 
                {
                 "class":"",
                 "gid":6,
                 "height":32,
                 "id":130,
                 "name":"",
                 "rotation":0,
                 "visible":true,
                 "width":32,
                 "x":224,
                 "y":160
                }],
         "opacity":1,
         "type":"objectgroup",
         "visible":true,
         "x":0,
         "y":0
        }, 
        {
         "draworder":"topdown",
         "id":13,
         "name":"coquillage2",
         "objects":[
                {
                 "class":"",
                 "gid":6,
                 "height":32,
                 "id":106,
                 "name":"",
                 "rotation":0,
                 "visible":true,
                 "width":32,
                 "x":144,
                 "y":482.666666666667
                }, 
                {
                 "class":"",
                 "gid":6,
                 "height":32,
                 "id":129,
                 "name":"",
                 "rotation":0,
                 "visible":true,
                 "width":32,
                 "x":1024,
                 "y":128
                }],
         "opacity":1,
         "type":"objectgroup",
         "visible":true,
         "x":0,
         "y":0
        }, 
        {
         "draworder":"topdown",
         "id":14,
         "name":"fleurs",
         "objects":[],
         "opacity":1,
         "type":"objectgroup",
         "visible":true,
         "x":0,
         "y":0
        }, 
        {
         "draworder":"topdown",
         "id":8,
         "name":"escalade",
         "objects":[
                {
                 "class":"",
                 "gid":33,
                 "height":32,
                 "id":64,
                 "name":"",
                 "rotation":0,
                 "visible":true,
                 "width":32,
                 "x":0,
                 "y":416
                }, 
                {
                 "class":"",
                 "gid":33,
                 "height":32,
                 "id":65,
                 "name":"",
                 "rotation":0,
                 "visible":true,
                 "width":32,
                 "x":0,
                 "y":384
                }, 
                {
                 "class":"",
                 "gid":33,
                 "height":32,
                 "id":66,
                 "name":"",
                 "rotation":0,
                 "visible":true,
                 "width":32,
                 "x":0,
                 "y":352
                }, 
                {
                 "class":"",
                 "gid":33,
                 "height":32,
                 "id":67,
                 "name":"",
                 "rotation":0,
                 "visible":true,
                 "width":32,
                 "x":0,
                 "y":320
                }, 
                {
                 "class":"",
                 "gid":33,
                 "height":32,
                 "id":68,
                 "name":"",
                 "rotation":0,
                 "visible":true,
                 "width":32,
                 "x":0,
                 "y":288
                }, 
                {
                 "class":"",
                 "gid":33,
                 "height":32,
                 "id":69,
                 "name":"",
                 "rotation":0,
                 "visible":true,
                 "width":32,
                 "x":0,
                 "y":256
                }, 
                {
                 "class":"",
                 "gid":8,
                 "height":32,
                 "id":73,
                 "name":"",
                 "rotation":0,
                 "visible":true,
                 "width":32,
                 "x":960,
                 "y":160
                }, 
                {
                 "class":"",
                 "gid":8,
                 "height":32,
                 "id":74,
                 "name":"",
                 "rotation":0,
                 "visible":true,
                 "width":32,
                 "x":960,
                 "y":192
                }, 
                {
                 "class":"",
                 "gid":8,
                 "height":32,
                 "id":75,
                 "name":"",
                 "rotation":0,
                 "visible":true,
                 "width":32,
                 "x":960,
                 "y":224
                }, 
                {
                 "class":"",
                 "gid":8,
                 "height":32,
                 "id":76,
                 "name":"",
                 "rotation":0,
                 "visible":true,
                 "width":32,
                 "x":960,
                 "y":256
                }],
         "opacity":1,
         "type":"objectgroup",
         "visible":true,
         "x":0,
         "y":0
        }, 
        {
         "draworder":"topdown",
         "id":2,
         "name":"plateforme",
         "objects":[
                {
                 "class":"",
                 "gid":1,
                 "height":32,
                 "id":38,
                 "name":"",
                 "rotation":0,
                 "visible":true,
                 "width":32,
                 "x":320,
                 "y":928
                }, 
                {
                 "class":"",
                 "gid":1,
                 "height":32,
                 "id":40,
                 "name":"",
                 "rotation":0,
                 "visible":true,
                 "width":32,
                 "x":288,
                 "y":576
                }, 
                {
                 "class":"",
                 "gid":1,
                 "height":32,
                 "id":41,
                 "name":"",
                 "rotation":0,
                 "visible":true,
                 "width":32,
                 "x":128,
                 "y":512
                }, 
                {
                 "class":"",
                 "gid":1,
                 "height":32,
                 "id":42,
                 "name":"",
                 "rotation":0,
                 "visible":true,
                 "width":32,
                 "x":352,
                 "y":512
                }, 
                {
                 "class":"",
                 "gid":1,
                 "height":32,
                 "id":70,
                 "name":"",
                 "rotation":0,
                 "visible":true,
                 "width":32,
                 "x":288,
                 "y":448
                }],
         "opacity":1,
         "type":"objectgroup",
         "visible":true,
         "x":0,
         "y":0
        }, 
        {
         "draworder":"topdown",
         "id":12,
         "name":"algues",
         "objects":[
                {
                 "class":"",
                 "gid":9,
                 "height":32,
                 "id":99,
                 "name":"",
                 "rotation":0,
                 "visible":true,
                 "width":32,
                 "x":640,
                 "y":832
                }, 
                {
                 "class":"",
                 "gid":9,
                 "height":32,
                 "id":100,
                 "name":"",
                 "rotation":0,
                 "visible":true,
                 "width":32,
                 "x":736,
                 "y":800
                }, 
                {
                 "class":"",
                 "gid":9,
                 "height":32,
                 "id":101,
                 "name":"",
                 "rotation":0,
                 "visible":true,
                 "width":32,
                 "x":832,
                 "y":768
                }, 
                {
                 "class":"",
                 "gid":9,
                 "height":32,
                 "id":102,
                 "name":"",
                 "rotation":0,
                 "visible":true,
                 "width":32,
                 "x":736,
                 "y":736
                }, 
                {
                 "class":"",
                 "gid":9,
                 "height":32,
                 "id":103,
                 "name":"",
                 "rotation":0,
                 "visible":true,
                 "width":32,
                 "x":640,
                 "y":704
                }, 
                {
                 "class":"",
                 "gid":9,
                 "height":32,
                 "id":104,
                 "name":"",
                 "rotation":0,
                 "visible":true,
                 "width":32,
                 "x":544,
                 "y":672
                }, 
                {
                 "class":"",
                 "gid":9,
                 "height":32,
                 "id":128,
                 "name":"",
                 "rotation":0,
                 "visible":true,
                 "width":32,
                 "x":128,
                 "y":224
                }],
         "opacity":1,
         "type":"objectgroup",
         "visible":true,
         "x":0,
         "y":0
        }, 
        {
         "draworder":"topdown",
         "id":3,
         "name":"sable",
         "objects":[
                {
                 "class":"",
                 "gid":5,
                 "height":32,
                 "id":25,
                 "name":"",
                 "rotation":0,
                 "visible":true,
                 "width":32,
                 "x":342,
                 "y":992
                }, 
                {
                 "class":"",
                 "gid":5,
                 "height":32,
                 "id":28,
                 "name":"",
                 "rotation":0,
                 "visible":true,
                 "width":32,
                 "x":826.666666666667,
                 "y":352
                }, 
                {
                 "class":"",
                 "gid":5,
                 "height":32,
                 "id":71,
                 "name":"",
                 "rotation":0,
                 "visible":true,
                 "width":32,
                 "x":352,
                 "y":672
                }, 
                {
                 "class":"",
                 "gid":5,
                 "height":32,
                 "id":72,
                 "name":"",
                 "rotation":0,
                 "visible":true,
                 "width":32,
                 "x":50.6666666666667,
                 "y":574.666666666667
                }],
         "opacity":1,
         "type":"objectgroup",
         "visible":true,
         "x":0,
         "y":0
        }, 
        {
         "draworder":"topdown",
         "id":4,
         "name":"pics",
         "objects":[
                {
                 "class":"",
                 "gid":4,
                 "height":32,
                 "id":30,
                 "name":"",
                 "rotation":0,
                 "visible":true,
                 "width":32,
                 "x":384,
                 "y":608
                }, 
                {
                 "class":"",
                 "gid":4,
                 "height":32,
                 "id":31,
                 "name":"",
                 "rotation":0,
                 "visible":true,
                 "width":32,
                 "x":608,
                 "y":448
                }, 
                {
                 "class":"",
                 "gid":4,
                 "height":32,
                 "id":32,
                 "name":"",
                 "rotation":0,
                 "visible":true,
                 "width":32,
                 "x":672,
                 "y":448
                }, 
                {
                 "class":"",
                 "gid":4,
                 "height":32,
                 "id":33,
                 "name":"",
                 "rotation":0,
                 "visible":true,
                 "width":32,
                 "x":448,
                 "y":288
                }, 
                {
                 "class":"",
                 "gid":4,
                 "height":32,
                 "id":34,
                 "name":"",
                 "rotation":0,
                 "visible":true,
                 "width":32,
                 "x":384,
                 "y":288
                }, 
                {
                 "class":"",
                 "gid":4,
                 "height":32,
                 "id":35,
                 "name":"",
                 "rotation":0,
                 "visible":true,
                 "width":32,
                 "x":256,
                 "y":160
                }, 
                {
                 "class":"",
                 "gid":4,
                 "height":32,
                 "id":36,
                 "name":"",
                 "rotation":0,
                 "visible":true,
                 "width":32,
                 "x":352,
                 "y":128
                }, 
                {
                 "class":"",
                 "gid":4,
                 "height":32,
                 "id":37,
                 "name":"",
                 "rotation":0,
                 "visible":true,
                 "width":32,
                 "x":416,
                 "y":128
                }, 
                {
                 "class":"",
                 "gid":4,
                 "height":32,
                 "id":149,
                 "name":"",
                 "rotation":0,
                 "visible":true,
                 "width":32,
                 "x":576,
                 "y":768
                }],
         "opacity":1,
         "type":"objectgroup",
         "visible":true,
         "x":0,
         "y":0
        }, 
        {
         "draworder":"topdown",
         "id":15,
         "name":"checkpoint",
         "objects":[
                {
                 "class":"",
                 "gid":6,
                 "height":32,
                 "id":110,
                 "name":"",
                 "rotation":0,
                 "visible":true,
                 "width":32,
                 "x":608,
                 "y":768
                }, 
                {
                 "class":"",
                 "gid":6,
                 "height":32,
                 "id":111,
                 "name":"",
                 "rotation":0,
                 "visible":true,
                 "width":32,
                 "x":349.333333333333,
                 "y":604
                }, 
                {
                 "class":"",
                 "gid":6,
                 "height":32,
                 "id":112,
                 "name":"",
                 "rotation":0,
                 "visible":true,
                 "width":32,
                 "x":289.333333333333,
                 "y":286.666666666667
                }, 
                {
                 "class":"",
                 "gid":6,
                 "height":32,
                 "id":148,
                 "name":"",
                 "rotation":0,
                 "visible":true,
                 "width":32,
                 "x":64,
                 "y":224
                }],
         "opacity":1,
         "type":"objectgroup",
         "visible":true,
         "x":0,
         "y":0
        }, 
        {
         "draworder":"topdown",
         "id":17,
         "name":"vide",
         "objects":[
                {
                 "class":"",
                 "gid":6,
                 "height":32,
                 "id":113,
                 "name":"",
                 "rotation":0,
                 "visible":true,
                 "width":32,
                 "x":640,
                 "y":992
                }, 
                {
                 "class":"",
                 "gid":6,
                 "height":32,
                 "id":114,
                 "name":"",
                 "rotation":0,
                 "visible":true,
                 "width":32,
                 "x":672,
                 "y":992
                }, 
                {
                 "class":"",
                 "gid":6,
                 "height":32,
                 "id":115,
                 "name":"",
                 "rotation":0,
                 "visible":true,
                 "width":32,
                 "x":704,
                 "y":992
                }, 
                {
                 "class":"",
                 "gid":6,
                 "height":32,
                 "id":116,
                 "name":"",
                 "rotation":0,
                 "visible":true,
                 "width":32,
                 "x":736,
                 "y":992
                }, 
                {
                 "class":"",
                 "gid":6,
                 "height":32,
                 "id":117,
                 "name":"",
                 "rotation":0,
                 "visible":true,
                 "width":32,
                 "x":768,
                 "y":992
                }, 
                {
                 "class":"",
                 "gid":6,
                 "height":32,
                 "id":118,
                 "name":"",
                 "rotation":0,
                 "visible":true,
                 "width":32,
                 "x":800,
                 "y":992
                }, 
                {
                 "class":"",
                 "gid":6,
                 "height":32,
                 "id":119,
                 "name":"",
                 "rotation":0,
                 "visible":true,
                 "width":32,
                 "x":832,
                 "y":992
                }, 
                {
                 "class":"",
                 "gid":6,
                 "height":32,
                 "id":120,
                 "name":"",
                 "rotation":0,
                 "visible":true,
                 "width":32,
                 "x":864,
                 "y":992
                }, 
                {
                 "class":"",
                 "gid":6,
                 "height":32,
                 "id":121,
                 "name":"",
                 "rotation":0,
                 "visible":true,
                 "width":32,
                 "x":896,
                 "y":992
                }, 
                {
                 "class":"",
                 "gid":6,
                 "height":32,
                 "id":122,
                 "name":"",
                 "rotation":0,
                 "visible":true,
                 "width":32,
                 "x":928,
                 "y":992
                }, 
                {
                 "class":"",
                 "gid":6,
                 "height":32,
                 "id":123,
                 "name":"",
                 "rotation":0,
                 "visible":true,
                 "width":32,
                 "x":960,
                 "y":992
                }, 
                {
                 "class":"",
                 "gid":6,
                 "height":32,
                 "id":124,
                 "name":"",
                 "rotation":0,
                 "visible":true,
                 "width":32,
                 "x":992,
                 "y":992
                }, 
                {
                 "class":"",
                 "gid":6,
                 "height":32,
                 "id":125,
                 "name":"",
                 "rotation":0,
                 "visible":true,
                 "width":32,
                 "x":1024,
                 "y":992
                }, 
                {
                 "class":"",
                 "gid":6,
                 "height":32,
                 "id":126,
                 "name":"",
                 "rotation":0,
                 "visible":true,
                 "width":32,
                 "x":1056,
                 "y":992
                }],
         "opacity":1,
         "type":"objectgroup",
         "visible":true,
         "x":0,
         "y":0
        }, 
        {
         "draworder":"topdown",
         "id":18,
         "name":"porte",
         "objects":[
                {
                 "class":"",
                 "gid":6,
                 "height":32,
                 "id":127,
                 "name":"",
                 "rotation":0,
                 "visible":true,
                 "width":32,
                 "x":1056,
                 "y":130
                }],
         "opacity":1,
         "type":"objectgroup",
         "visible":true,
         "x":0,
         "y":0
        }, 
        {
         "draworder":"topdown",
         "id":20,
         "name":"dialogues",
         "objects":[
                {
                 "class":"",
                 "gid":6,
                 "height":32,
                 "id":150,
                 "name":"",
                 "rotation":0,
                 "visible":true,
                 "width":32,
                 "x":288,
                 "y":416
                }],
         "opacity":1,
         "type":"objectgroup",
         "visible":true,
         "x":0,
         "y":0
        }, 
        {
         "draworder":"topdown",
         "id":21,
         "name":"dialoguesfilet",
         "objects":[
                {
                 "class":"",
                 "gid":6,
                 "height":32,
                 "id":152,
                 "name":"",
                 "rotation":0,
                 "visible":true,
                 "width":32,
                 "x":-11.7518796992481,
                 "y":418.330827067669
                }],
         "opacity":1,
         "type":"objectgroup",
         "visible":true,
         "x":0,
         "y":0
        }, 
        {
         "draworder":"topdown",
         "id":22,
         "name":"dialoguescoquillages",
         "objects":[
                {
                 "class":"",
                 "gid":6,
                 "height":32,
                 "id":153,
                 "name":"",
                 "rotation":0,
                 "visible":true,
                 "width":32,
                 "x":288,
                 "y":544
                }],
         "opacity":1,
         "type":"objectgroup",
         "visible":true,
         "x":0,
         "y":0
        }, 
        {
         "draworder":"topdown",
         "id":23,
         "name":"dialoguescene",
         "objects":[
                {
                 "class":"",
                 "gid":6,
                 "height":32,
                 "id":154,
                 "name":"",
                 "rotation":0,
                 "visible":true,
                 "width":32,
                 "x":1056,
                 "y":128
                }],
         "opacity":1,
         "type":"objectgroup",
         "visible":false,
         "x":0,
         "y":0
        }],
 "nextlayerid":24,
 "nextobjectid":155,
 "orientation":"orthogonal",
 "renderorder":"right-down",
 "tiledversion":"1.9.2",
 "tileheight":32,
 "tilesets":[
        {
         "columns":8,
         "firstgid":1,
         "image":"assetsseau.png",
         "imageheight":256,
         "imagewidth":256,
         "margin":0,
         "name":"assetsseau",
         "spacing":0,
         "tilecount":64,
         "tileheight":32,
         "tiles":[
                {
                 "id":2,
                 "properties":[
                        {
                         "name":"estSolide",
                         "type":"bool",
                         "value":true
                        }]
                }],
         "tilewidth":32
        }],
 "tilewidth":32,
 "type":"map",
 "version":"1.9",
 "width":34
}